,cnpj,raiz_cnpj,matriz_filial,razao_social,opcao_pelo_simples,capital_social,bairro,municipio
0,126195000110,126195,MATRIZ,TRAMA SOFTWARE LTDA,NAO,0,BIGORRILHO,CURITIBA
1,155991000181,155991,MATRIZ,ELEKTI - APOIO A EDUCACAO E FORNECIMENTO DE BOLSAS DE ESTUDOS LTDA,NAO,40000,CENTRO,LAPA
2,321106000197,321106,MATRIZ,VIRTUAL TECNOLOGIA & SERVICOS LTDA,NAO,5000,PRIMAVERA,NOVO HAMBURGO
3,358376000172,358376,MATRIZ,SARTOR ASSESSORIA E COMERCIO DE INFORMATICA LTDA,SIM,0,SAO PELEGRINO,CAXIAS DO SUL
4,563375000160,563375,MATRIZ,INDEXX INFORMATICA LTDA,SIM,0,CENTRO,TRES COROAS
5,586312000129,586312,MATRIZ,DATAMICRO SISTEMAS LTDA,SIM,0,VILA NOVA,BLUMENAU
6,587384000190,587384,MATRIZ,INOVATIVA INFORMATICA LTDA,SIM,0,BACACHERI,CURITIBA
7,606458000199,606458,MATRIZ,MERCODATA ENGENHARIA DE SISTEMAS LTDA,NAO,50000,PACAEMBU,CASCAVEL
8,714851000104,714851,MATRIZ,MKT SERVICOS DE MARKETING E TECNOLOGIA - EIRELI,NAO,320000,CENTRO CIVICO,CURITIBA
9,724082000117,724082,MATRIZ,FUNDACAO SOFTVILLE,NAO,0,CENTRO,JOINVILLE
10,841331000154,841331,MATRIZ,SOFTNEW SISTEMAS E CONSULTORIA EM INFORMATICA LTDA,SIM,15000,NOSSA SENHORA DAS GRACAS,CANOAS
11,846686000136,846686,MATRIZ,HORUS INFORMATICA LTDA,NAO,200000,BATEL,CURITIBA
12,890266000157,890266,MATRIZ,SAM INFORMATICA LTDA,NAO,0,BELEM VELHO,PORTO ALEGRE
13,1240559000151,1240559,MATRIZ,PRO UPPER CONSULTORIA & ASSESSORIA EM OS&M LTDA,NAO,0,CIDADE BAIXA,PORTO ALEGRE
14,1302359000186,1302359,MATRIZ,UNIWARE CONS E COMERCIO DE EQUIP P/ INFORMATICA LTDA,NAO,60000,JD. NIKKO,LONDRINA
15,1307121000143,1307121,MATRIZ,EDUARDO HENRIQUE PEREIRA DE ARRUDA,NAO,0,BELA VISTA,PORTO ALEGRE
16,1412181000126,1412181,MATRIZ,DIFERENZA CONSULTORIA EM TECNOLOGIA EIRELI,NAO,600000,HAMBURGO VELHO,NOVO HAMBURGO
17,1413885000113,1413885,MATRIZ,SIX TECH DESENVOLVIMENTO SISTEMAS DE INFORMATICA LTDA,SIM,0,PILARZINHO,CURITIBA
18,1493662000103,1493662,MATRIZ,TRIPLICE CONSULTORIA E SERVICOS LTDA,SIM,50000,CENTRO,FLORIANOPOLIS
19,1507578000100,1507578,MATRIZ,GABARDO CONSULTORIA E INFORMATICA LTDA,NAO,0,PASSO D'AREIA,PORTO ALEGRE
20,1519924000161,1519924,MATRIZ,BERGERSON CONSULTING S/C LTDA,NAO,0,CENTRO,CURITIBA
21,1579286000174,1579286,MATRIZ,SAFEWEB SEGURANCA DA INFORMACAO LTDA.,NAO,10100000,SANTANA,PORTO ALEGRE
22,1718839000122,1718839,MATRIZ,E. SILVA CONSULTORIA LTDA,NAO,20000,SAO JOAO,PORTO ALEGRE
23,1768748000100,1768748,MATRIZ,FORUM CERTIFICACAO DIGITAL SOCIEDADE SIMPLES LTDA,NAO,0,PRAIA DE BELAS,PORTO ALEGRE
24,1796566000134,1796566,MATRIZ,SARDO SERVICOS DE INFORMATICA LTDA,NAO,0,CENTRO,RIO NEGRINHO
25,2019301000192,2019301,MATRIZ,FIDARE LTDA,NAO,0,MOSSUNGUE,CURITIBA
26,2265894000177,2265894,MATRIZ,ISO ENTERPRISE INFORMATICA LTDA,NAO,259999,PAROLIN,CURITIBA
27,2306226000140,2306226,MATRIZ,LUME SERVICOS DE TECNOLOGIA S/A,NAO,5000000,CENTRO,PINHAIS
28,2314840000154,2314840,MATRIZ,UNIDAC CONSULTORIA EM TECNOLOGIA DA INFORMACAO LTDA,SIM,100000,JARDIM LINDOIA,PORTO ALEGRE
29,2318794000161,2318794,MATRIZ,EVERTON RAMOS DE MORAES EIRELI,SIM,105000,ESTANCIA VELHA,CANOAS
30,2437196000101,2437196,MATRIZ,"LUMINA - INFORMATICA, CONSULTORIA E SERVICOS LTDA",SIM,20000,VELHA,BLUMENAU
31,2513147000100,2513147,MATRIZ,BENDITO LTDA,NAO,24000,VILA BAEPENDI,JARAGUA DO SUL
32,2622879000139,2622879,MATRIZ,C R NET LTDA,SIM,60000,CHACARAS E LOTES,MARIALVA
33,2716083000145,2716083,MATRIZ,BRAZPINE SERVICE SERVICOS PROCESSOS TECNOLOGIA LTDA,NAO,100000,CRISTO REI,SAO LEOPOLDO
34,2816751000106,2816751,MATRIZ,PARADIGMA BUSINESS SOLUTIONS LTDA,NAO,4000000,SANTO ANTONIO DE LISBOA,FLORIANOPOLIS
35,2904609000110,2904609,MATRIZ,FATOR I CONSULTORIA LTDA,NAO,25000,SANTA FELICIDADE,CURITIBA
36,2908992000185,2908992,MATRIZ,EXECUCAO GESTAO E CONSULTORIA EM INFORMATICA LTDA.,NAO,1500000,CENTRO,PORTO ALEGRE
37,2932712000174,2932712,MATRIZ,BHB SISTEMAS DE INFORMATICA LTDA.,NAO,0,PETROPOLIS,PORTO ALEGRE
38,2969247000146,2969247,MATRIZ,BATECH MARKETING E TECNOLOGIA LTDA.,NAO,0,CENTRO,CURITIBA
39,3078155000139,3078155,MATRIZ,CABLING TELECOM E CONSULTORIA EIRELI,NAO,95400,SARANDI,PORTO ALEGRE
40,3085118000158,3085118,MATRIZ,S. M. CONSULTORIA SOCIEDADE SIMPLES LTDA,NAO,5000,PETROPOLIS,PORTO ALEGRE
41,3158592000162,3158592,MATRIZ,EMPRESARIAL LUIZ EDUARDO GIAMPAOLI LTDA,NAO,0,FLORESTA,PORTO ALEGRE
42,3158860000146,3158860,MATRIZ,PELISSARI INFORMATICA SA,NAO,6500500,REBOUCAS,CURITIBA
43,3162345000130,3162345,MATRIZ,CARLOS AUGUSTO POHLMANN CONSULTORIA,NAO,0,RIO BRANCO,SAO LEOPOLDO
44,3182155000184,3182155,MATRIZ,ECORE SOLUCOES EM TECNOLOGIA DA INFORMACAO LTDA.,NAO,300000,PARTENON,PORTO ALEGRE
45,3217373000107,3217373,MATRIZ,VERSA SOLUCOES EM TECNOLOGIA LTDA,NAO,4000,SAO JOAO,CURITIBA
46,3271868000114,3271868,MATRIZ,GUIAINVEST SERVICOS DE TECNOLOGIA DA INFORMACAO LTDA,NAO,48503,MOINHOS DE VENTO,PORTO ALEGRE
47,3339370000146,3339370,MATRIZ,INTERACT SOLUTIONS LTDA,NAO,1000000,CENTRO,LAJEADO
48,3416034000150,3416034,MATRIZ,ASTRO VIDEO COMERCIO E SERVICOS LTDA,NAO,0,CENTRO,FLORIANOPOLIS
49,3441246000197,3441246,MATRIZ,GOLDEN IT LTDA,SIM,0,PORTAO,CURITIBA
50,3456658000109,3456658,MATRIZ,PLANETAWEB INFORMATICA LTDA,SIM,50000,CENTRO,CURITIBA
51,3624861000139,3624861,MATRIZ,HANDS ON TECNOLOGIA DA INFORMACAO LTDA,NAO,10000,RIO BRANCO,PORTO ALEGRE
52,3650551000199,3650551,MATRIZ,WELAB.BUSINESS COMUNICACAO DIGITAL EIRELI,NAO,250000,SAO FRANCISCO,CURITIBA
53,3669981000152,3669981,MATRIZ,ATHOM CONSULTING LTDA,NAO,0,ITOUPAVA CENTRAL,BLUMENAU
54,3693940000100,3693940,MATRIZ,E-PEOPLE SOLUCOES LTDA,NAO,1425000,CENTRO,FLORIANOPOLIS
55,3706036000183,3706036,MATRIZ,QUALIDIG LTDA,SIM,1000,CRISTO REI,CURITIBA
56,3768803000189,3768803,MATRIZ,MITI - MIDIA INTERATIVA E TECNOLOGIA DA INFORMACAO LTDA,NAO,5472116,AGUA VERDE,CURITIBA
57,3801285000158,3801285,MATRIZ,CG SISTEMAS E SERVICOS DE INFORMATICA LTDA,SIM,1000,CRISTO REI,CURITIBA
58,3842870000104,3842870,MATRIZ,FERAWEB INFORMATICA LTDA,NAO,15000,BATEL,CURITIBA
59,3869517000100,3869517,MATRIZ,AMBX TECNOLOGIA LTDA,NAO,500000,BATEL,CURITIBA
60,3940974000143,3940974,MATRIZ,E.R.P. CONSULTORIA EM INFORMATICA LTDA,NAO,0,BIGORRILHO,CURITIBA
61,3942659000155,3942659,MATRIZ,VIGA NETSTORE LTDA,NAO,60000,JARDIM DAS AMERICAS,CURITIBA
62,3971445000107,3971445,MATRIZ,E.A.F.F. - CONSULTORIA & INFORMATICA LTDA,NAO,0,CAPAO DA IMBUIA,CURITIBA
63,4052081000124,4052081,MATRIZ,DELTAMIDIA SOLUCOES E TECNOLOGIA LTDA,NAO,0,SARANDI,PORTO ALEGRE
64,4055601000152,4055601,MATRIZ,BECOMEX CONSULTORIA LTDA,NAO,282002,SANTO ANTONIO,JOINVILLE
65,4055839000188,4055839,MATRIZ,TEROS INFORMATICA LTDA,SIM,10000,MERCES,CURITIBA
66,4067290000141,4067290,MATRIZ,DHBYTE SOFTWARE ESPECIALISTA S/S LTDA,NAO,10000,BAIRRO ALTO,CURITIBA
67,4121834000106,4121834,MATRIZ,MACNICA DHW LTDA,NAO,21350251,ITACORUBI,FLORIANOPOLIS
68,4181912000168,4181912,MATRIZ,EMED TECNOLOGIA S/A,NAO,0,PETROPOLIS,PORTO ALEGRE
69,4246459000120,4246459,MATRIZ,BOEIRA TECNOLOGIA DA INFORMACAO LTDA,SIM,0,XAXIM,CURITIBA
70,4340744000106,4340744,MATRIZ,TECHNORIVER INFORMATICA LTDA,SIM,10000,CENTRO,FLORIANOPOLIS
71,4348434000138,4348434,MATRIZ,USES SISTEMAS DE INFORMATICA LTDA,NAO,0,CENTRO,CAXIAS DO SUL
72,4358494000131,4358494,MATRIZ,CINQ TECHNOLOGIES LTDA,NAO,7990586,REBOUCAS,CURITIBA
73,4363802000117,4363802,MATRIZ,NASCENT CONSULTORIA LTDA,NAO,10000,LAMI,PORTO ALEGRE
74,4410157000146,4410157,MATRIZ,PROSOFTIN CONSULTORIA E SISTEMAS LTDA,SIM,0,CAPAO DA IMBUIA,CURITIBA
75,4432166000138,4432166,MATRIZ,ROBERTO DE SOUZA PASQUALOTTO & CIA LTDA,NAO,20000,CENTRO,PELOTAS
76,4467799000181,4467799,MATRIZ,RODRIGO REGGIANI,NAO,0,ESTRADA VELHA,QUATRO BARRAS
77,4515887000101,4515887,MATRIZ,JAN BOCIAN JUNIOR,NAO,5000,HIGIENOPOLIS,PORTO ALEGRE
78,4516228000190,4516228,MATRIZ,AQUI VANTAGENS.COM ADMINISTRACAO CARTOES DE DESCONTO E TELECOMUNICACOES LTDA,SIM,0,MERCES,CURITIBA
79,4543459000192,4543459,MATRIZ,BECKER E ROTH CONSULTORIA DE SISTEMAS LTDA,NAO,2000,PETROPOLIS,PORTO ALEGRE
80,4570566000100,4570566,MATRIZ,SEGWARE DO BRASIL LTDA,NAO,650000,SANTA MONICA,FLORIANOPOLIS
81,4729567000154,4729567,MATRIZ,PONTOCOM SISTEMAS LTDA,NAO,0,COMERCIARIO,CRICIUMA
82,4820891000183,4820891,MATRIZ,"S&S TECNOLOGIA, ASSESSORIA E CONSULTORIA LTDA.",NAO,0,ITACORUBI,FLORIANOPOLIS
83,4864355000180,4864355,MATRIZ,VIAFLOW CONSULTORIA E SISTEMAS LTDA,NAO,70000,PARTENON,PORTO ALEGRE
84,4868871000182,4868871,MATRIZ,IASOFT CONSULTORIA E SISTEMAS LTDA,NAO,3000,CORREGO GRANDE,FLORIANOPOLIS
85,4915134000193,4915134,MATRIZ,DRZ GEOTECNOLOGIA E CONSULTORIA LTDA,NAO,2000000,CENTRO,LONDRINA
86,4962340000154,4962340,MATRIZ,CONEXA CONSULTORIA LTDA,NAO,5000,CENTRO,FLORIANOPOLIS
87,5023602000188,5023602,MATRIZ,ASSERTIVA TECH CONSULTORIA EM TI LTDA,SIM,8000,REAL PARQUE,SAO JOSE
88,5028586000116,5028586,MATRIZ,GLOBAL CASE CONSULTORIA E ASSESSORIA LTDA,SIM,0,SANTA FELICIDADE,CURITIBA
89,5031207000147,5031207,MATRIZ,ITSX - INTEGRADORA DE TECNOLOGIA E SOLUCOES LTDA,NAO,5000,TRISTEZA,PORTO ALEGRE
90,5042138000177,5042138,MATRIZ,TECJUMP TECNOLOGIA EM INFORMATICA LTDA,SIM,0,CENTRO,FLORIANOPOLIS
91,5050074000156,5050074,MATRIZ,IMMEDIATE CONSULTORIA E SISTEMAS LTDA,NAO,250000,CENTRO HISTORICO,PORTO ALEGRE
92,5110958000159,5110958,MATRIZ,GTI GESTAO DA TECNOLOGIA DA INFORMACAO LTDA,NAO,10000,SAGUACU,JOINVILLE
93,5138645000109,5138645,MATRIZ,M2A TECNOLOGIA E GESTAO DA INFORMACAO - EIRELI,NAO,67800,REBOUCAS,CURITIBA
94,5151009000117,5151009,MATRIZ,SMART CONSULTORIA EM TECNOLOGIA DA INFORMACAO LTDA,NAO,10000,CENTRO,JOINVILLE
95,5159145000153,5159145,MATRIZ,"IDDEIA COMERCIO, LOCACAO E SOLUCOES TECNOLOGICAS EIRELI",NAO,4500000,CENTRO,CURITIBA
96,5251406000160,5251406,MATRIZ,SYTS CONSULTORIA LTDA,NAO,0,AGUA VERDE,CURITIBA
97,5268522000192,5268522,MATRIZ,PAINEL DIGITAL - AUDITORIA DIGITAL E TECNOLOGIA DA INFORMACAO LTDA,NAO,0,HIGIENOPOLIS,PORTO ALEGRE
98,5332252000131,5332252,MATRIZ,KIONUX SOLUCOES EM INTERNET LTDA,NAO,34000,VILA YOLANDA,FOZ DO IGUACU
99,5337875000105,5337875,MATRIZ,NEOWAY TECNOLOGIA INTEGRADA ASSESSORIA E NEGOCIOS SA,NAO,113860009,ITACORUBI,FLORIANOPOLIS
100,5339050000111,5339050,MATRIZ,PORTO'S INFORMATICA LTDA,SIM,3000,VILA NOVA,PORTO ALEGRE
101,5357530000105,5357530,MATRIZ,GLOBALWIDE TECNOLOGIA E INFORMATICA LTDA,SIM,10000,CAVALHADA,PORTO ALEGRE
102,5401067000151,5401067,MATRIZ,TEIKO SOLUCOES EM TECNOLOGIA DA INFORMACAO LTDA,NAO,100000,FORTALEZA,BLUMENAU
103,5422311000162,5422311,MATRIZ,KAIZENDO SOLUCOES E SISTEMAS PARA MELHORIA LTDA,SIM,240000,PILARZINHO,CURITIBA
104,5448669000164,5448669,MATRIZ,MAURICIO RIBEIRO INFORMATICA LTDA,SIM,100000,CENTRO CIVICO,CURITIBA
105,5451225000188,5451225,MATRIZ,OPSERVICES TECNOLOGIA DA INFORMACAO S.A,NAO,400000,MOINHOS DE VENTO,PORTO ALEGRE
106,5488710000126,5488710,MATRIZ,APICE -REPRESENTACAO E INTEGRACAO DE SISTEMAS EIRELI,NAO,103000,PEDRO MORO,SAO JOSE DOS PINHAIS
107,5498853000119,5498853,MATRIZ,PEQUENA MOBILIA REPRESENTACAO COMERCIAL LTDA,NAO,5000,GLEBA FAZENDA PALHANO,LONDRINA
108,5531121000183,5531121,MATRIZ,INTERGATE CONSULTORIA DIGITAL LTDA,NAO,78800,DO SALTO,BLUMENAU
109,5546793000162,5546793,MATRIZ,GO ON CONSULTORIA EM TECNOLOGIA DA INFORMACAO LTDA,NAO,600000,AGUA VERDE,CURITIBA
110,5550374000102,5550374,MATRIZ,DLB TECNOLOGIA LTDA,NAO,6848380,PONTA AGUDA,BLUMENAU
111,5594470000144,5594470,MATRIZ,TRAJECTA SISTEMAS DE INFORMATICA LTDA,NAO,10000,PETROPOLIS,PORTO ALEGRE
112,5617100000185,5617100,MATRIZ,"BUNDT CONSULTORIA, EDUCACAO & PARTICIPACOES LTDA",NAO,30000,BOQUEIRAO,CURITIBA
113,5620370000145,5620370,MATRIZ,SUPERINTEROP SUPORTE EM INFORMATICA LTDA,NAO,20000,CENTRO,PORTO ALEGRE
114,5694420000139,5694420,MATRIZ,IMPERIAL ASSESSORIA EMPRESARIAL LTDA,NAO,0,CENTRO,SAO MARTINHO
115,5809591000166,5809591,MATRIZ,BR CAPTURA - EMPRESA BRASILEIRA DE REDE DE CAPTURA S.A,NAO,200000,CAMPO COMPRIDO,CURITIBA
116,5834028000148,5834028,MATRIZ,K2M TECNOLOGIA LTDA,NAO,0,VILA SANTA ISABEL,VIAMAO
117,5895166000137,5895166,MATRIZ,FSK INFORMATICA LTDA,NAO,20000,REBOUCAS,CURITIBA
118,5906225000125,5906225,MATRIZ,AUDARE INFORMATICA SS LTDA,NAO,210000,GLEBA FAZENDA PALHANO,LONDRINA
119,5936622000140,5936622,MATRIZ,MSLAB - LABORATORIO DE TECNOLOGIA,NAO,0,SAO FRANCISCO,CURITIBA
120,5954033000194,5954033,MATRIZ,NOTA FISCAL ELETRONICA - TECNOLOGIA DA INFORMACAO LTDA,NAO,0,PETROPOLIS,PORTO ALEGRE
121,5975597000103,5975597,MATRIZ,HLEBANIA & CIA. LTDA,SIM,0,ABERTA DOS MORROS,PORTO ALEGRE
122,5996262000171,5996262,MATRIZ,MASTER&PRO CONSULTORIA E DESENVOLVIMENTO DE PROGRAMAS LTDA,SIM,10000,CENTRO,JOINVILLE
123,6015379000190,6015379,MATRIZ,FIAPO LABS TECNOLOGIA DA INFORMACAO LTDA,SIM,10000,SANTA MARIA GORETTI,PORTO ALEGRE
124,6074087000128,6074087,MATRIZ,ZERO-DEFECT INFORMATICA LTDA,NAO,100000,CENTRO HISTORICO,PORTO ALEGRE
125,6153856000183,6153856,MATRIZ,ISOLVE - SOLUCOES EM INFORMATICA LTDA,SIM,15000,ALTO DA GLORIA,CURITIBA
126,6185897000151,6185897,MATRIZ,ATGMASTERS LTDA,NAO,10000,BAIRRO ALTO,CURITIBA
127,6277224000121,6277224,MATRIZ,EQUIPE DIGITAL TECNOLOGIA LTDA,SIM,70000,TRINDADE,FLORIANOPOLIS
128,6290671000110,6290671,MATRIZ,AMBIENTE LIVRE ASSESSORIA EM SISTEMAS DE INFORMATICA LTDA,SIM,120000,CRISTO REI,CURITIBA
129,6320344000164,6320344,MATRIZ,GSW SUL SOLUCOES DE INFORMATICA LTDA,NAO,50000,CENTRO,PINHAIS
130,6867750000141,6867750,MATRIZ,ITECNOLOGYS CONSULTORIA EM SISTEMAS LTDA,SIM,300000,BUCAREIN,JOINVILLE
131,6913250000107,6913250,MATRIZ,A. D. TURRI TECNOLOGIA,SIM,12000,MARECHAL RONDON,CANOAS
132,7051953000128,7051953,MATRIZ,M2V SISTEMAS LTDA,NAO,0,CENTRO,CURITIBA
133,7052633000192,7052633,MATRIZ,TEKANN TECNOLOGIA DA INFORMACAO LTDA.,NAO,100200,UNIVERSITARIO,SANTA CRUZ DO SUL
134,7054772000155,7054772,MATRIZ,E3C TECNOLOGIA LTDA,NAO,5000,TRINDADE,FLORIANOPOLIS
135,7138892000130,7138892,MATRIZ,KORBER SUPPLY CHAIN BR LTDA,NAO,1623407,CENTRO,BLUMENAU
136,7143006000167,7143006,MATRIZ,WAY2 SERVICOS DE TECNOLOGIA S.A.,NAO,1435605,SACO GRANDE,FLORIANOPOLIS
137,7144407000131,7144407,MATRIZ,VERSUL TECNOLOGIA DE ACESSO INTELIGENTE LTDA,NAO,100000,CENTRO,NOVO HAMBURGO
138,7189783000142,7189783,MATRIZ,DATANET INFORMATIZACAO E SERVICOS LTDA.,NAO,0,CENTRO,SAO LEOPOLDO
139,7208334000102,7208334,MATRIZ,MERCADO DOS SONHOS LTDA,NAO,10000,BIGORRILHO,CURITIBA
140,7228485000114,7228485,MATRIZ,CWN CONSULTORIA E SERVICOS DE INFORMATICA LTDA,NAO,0,CENTRO HISTORICO,PORTO ALEGRE
141,7303726000142,7303726,MATRIZ,NETMANAGEMENT INFORMATICA LTDA,NAO,1000000,CENTRO HISTORICO,PORTO ALEGRE
142,7591060000175,7591060,MATRIZ,4RESULTS LTDA,NAO,580000,PRADO VELHO,CURITIBA
143,7592315000114,7592315,MATRIZ,NTT DATA BUSINESS SOLUTIONS - SERVICOS DE TECNOLOGIA LTDA,NAO,1434000,CENTRO,CURITIBA
144,7672361000123,7672361,MATRIZ,FABIO L A SOTO,NAO,135000,PRAIA DE BELAS,PORTO ALEGRE
145,7723137000113,7723137,MATRIZ,SLATER IT SOLUTIONS CONSULTORIA EM INFORMATICA LTDA,NAO,50000,JARDIM BOTANICO,PORTO ALEGRE
146,7731452000192,7731452,MATRIZ,TYTANIO TECNOLOGIA - EIRELI,SIM,110000,ATUBA,COLOMBO
147,7854026000146,7854026,MATRIZ,CENTRUM PROCESSAMENTO DE DADOS LTDA,SIM,2000,NOVELO,MARIOPOLIS
148,7896865000127,7896865,MATRIZ,DANIEL HENRIQUE ALVES,SIM,30000,CENTRO,JANDAIA DO SUL
149,7899023000129,7899023,MATRIZ,SULWORK TECNOLOGIA E SISTEMAS DE INFORMATICA LTDA,NAO,1000000,JARDIM LINDOIA,PORTO ALEGRE
150,7900364000177,7900364,MATRIZ,PROGRAME SOFTWARE DESIGN E CONSULTORIA LTDA,NAO,5000,ZONA 01,MARINGA
151,7938862000109,7938862,MATRIZ,R2 SOLUCOES DIGITAIS LTDA,NAO,1000,INDEPENDENCIA,PORTO ALEGRE
152,7941604000181,7941604,MATRIZ,MFC INFORMATICA LTDA,NAO,10000,XAXIM,CURITIBA
153,7944196000111,7944196,MATRIZ,ACESSAR - SOLUCOES EM INFORMATICA LTDA,NAO,10000,CENTRO,CAXIAS DO SUL
154,7989117000199,7989117,MATRIZ,ADIANTI SOLUCOES EM INFORMATICA LTDA,NAO,28000,FLORESTAL,LAJEADO
155,8029924000122,8029924,MATRIZ,NET1 - CONSULTORIA EM INFORMATICA E LOCACAO DE BENS - EIRELI,NAO,445000,JARDIM BOTANICO,PORTO ALEGRE
156,8139576000146,8139576,MATRIZ,AGNNA DESENVOLVIMENTO DE SOFTWARE E PROJETOS LTDA,NAO,1000,SANTO INACIO,CURITIBA
157,8150225000136,8150225,MATRIZ,VELITI SOLUCOES LTDA,SIM,25000,JOAO PAULO,FLORIANOPOLIS
158,8437692000141,8437692,MATRIZ,NETINSIDE INFORMATICA LTDA,NAO,2000,BOA VISTA,CURITIBA
159,8452946000109,8452946,MATRIZ,CRISTIANE JAGMIN D AVILA,NAO,1000,CENTRO HISTORICO,PORTO ALEGRE
160,8533856000134,8533856,MATRIZ,"B X T COMERCIO, SERVICOS, IMPORTACAO E EXPORTACAO DE SOFTWARE LTDA",NAO,80000,CENTRO,SAPIRANGA
161,8541866000111,8541866,MATRIZ,BASCONERO INFORMATICA LTDA,NAO,1000,PARTENON,PORTO ALEGRE
162,8597777000197,8597777,MATRIZ,TCB CONSULTORIA E EMPREENDIMENTOS EIRELI,NAO,110000,JARDIM BLUMENAU,BLUMENAU
163,8637105000168,8637105,MATRIZ,VILLEROY CONSULTORIA E SERVICOS DE INFORMATICA LTDA.,SIM,5000,VILA NOVA,PORTO ALEGRE
164,8640367000181,8640367,MATRIZ,DICE INFORMATICA LTDA,SIM,9000,SARANDI,PORTO ALEGRE
165,8671358000158,8671358,MATRIZ,DIGITAL UP - TECNOLOGIA EM SISTEMAS LTDA,SIM,500000,BIGORRILHO,CURITIBA
166,8682040000172,8682040,MATRIZ,O.S. SYSTEMS SOFTWARE LTDA,NAO,180000,AREAL,PELOTAS
167,8688030000144,8688030,MATRIZ,ARCT CONSULTORIA E TECNOLOGIA LTDA,NAO,1000,CENTRO,PORTO ALEGRE
168,8698053000130,8698053,MATRIZ,"COOPERTI CONSULTORIA, SISTEMAS E SERVICOS LTDA",NAO,1000,SANTANA,PORTO ALEGRE
169,8716906000119,8716906,MATRIZ,DUOPACTO CONSULTORIA E SISTEMAS LTDA,NAO,6000,MARECHAL RONDON,CANOAS
170,8765613000121,8765613,MATRIZ,SOLUTTIONS - SOLUCAO EM TECNOLOGIA LTDA,NAO,481000,AGUA VERDE,CURITIBA
171,8851703000135,8851703,MATRIZ,RAF TELECOM LTDA,NAO,45000,JARDIM BOTANICO,PORTO ALEGRE
172,8879628000110,8879628,MATRIZ,QUIRIUS SOLUCOES EM INFORMATICA LTDA,NAO,58781,SANTO ANTONIO,JOINVILLE
173,8889601000109,8889601,MATRIZ,SETBOX INFORMATICA LTDA,NAO,3000,PORTAO,CURITIBA
174,8944685000136,8944685,MATRIZ,HELOISA KARINA COSTA,NAO,5000,CENTRO,CURITIBA
175,9008823000138,9008823,MATRIZ,FTI TECNOLOGIA DA INFORMACAO LTDA,NAO,10000,CENTRO,LONDRINA
176,9018845000189,9018845,MATRIZ,WEDOIT CONSULTORIA EM INFORMATICA LTDA.,NAO,4000,PILARZINHO,CURITIBA
177,9044119000130,9044119,MATRIZ,AVA TECNOLOGIA LTDA,SIM,100000,BATEL,CURITIBA
178,9052375000170,9052375,MATRIZ,E-NET COMERCIO DE PRODUTOS E SERVICOS DE INFORMATICA LTDA,NAO,10000,TARUMA,CURITIBA
179,9129117000144,9129117,MATRIZ,MACHINE LOCADORA LTDA,NAO,10000,AUXILIADORA,PORTO ALEGRE
180,9176594000160,9176594,MATRIZ,BECOMEX DIGITAL SERVICOS DE CONSULTORIA LTDA,NAO,100000,SANTO ANTONIO,JOINVILLE
181,9200383000116,9200383,MATRIZ,SOUZA CONSULTORIA EM SOFTWARE LTDA,SIM,3000,ANITA GARIBALDI,JOINVILLE
182,9251361000185,9251361,MATRIZ,DB TECNOLOGIA DA INFORMACAO EIRELI,NAO,62200,BUCAREIN,JOINVILLE
183,9254750000164,9254750,MATRIZ,EASYBYTE INFORMATICA LTDA.,SIM,30000,CENTRO,CURITIBA
184,9276267000180,9276267,MATRIZ,LB2 CONSULTORIA LTDA,NAO,2000,JARDIM HIGIENOPOLIS,LONDRINA
185,9276674000198,9276674,MATRIZ,EASYONE CONSULTORIA LTDA,NAO,70000,BOM RETIRO,CURITIBA
186,9311034000171,9311034,MATRIZ,FERNANDO OMAR SIMON MADERA,NAO,10000,CENTRO,XANXERE
187,9336130000174,9336130,MATRIZ,ENGELBERT & CIA. LTDA.,SIM,5000,SANTO INACIO,CURITIBA
188,9349805000110,9349805,MATRIZ,INDYXA SERVICOS E SOLUCOES EM TECNOLOGIA DA INFORMACAO LTDA,NAO,100000,FORTALEZA,BLUMENAU
189,9395752000173,9395752,MATRIZ,ERKO BRIDEE DE ALMEIDA CABRERA,NAO,5000,JARDIM QUITANDINHA,COLOMBO
190,9401653000157,9401653,MATRIZ,R.J.D. CONSULTORIA E TECNOLOGIA PARA NEGOCIOS LTDA,NAO,16666,BOM RETIRO,CURITIBA
191,9416343000106,9416343,MATRIZ,L. F. KASPRIK TECNOLOGIA DA INFORMACAO EIRELI,SIM,100000,CAJURU,CURITIBA
192,9451699000180,9451699,MATRIZ,CONVISO APPLICATION SECURITY S/A,NAO,200000,JUVEVE,CURITIBA
193,9574379000118,9574379,MATRIZ,SMS SOLUCOES EM TECNOLOGIA DA INFORMACAO LTDA,NAO,3000,HUGO LANGE,CURITIBA
194,9626129000184,9626129,MATRIZ,BJCIM DO BRASIL LTDA,NAO,5000,CENTRO,NOVO HAMBURGO
195,9653351000176,9653351,MATRIZ,JAMIL ALVES FONSECA,NAO,10000,MOSSUNGUE,CURITIBA
196,9663609000115,9663609,MATRIZ,KNORST CONSULTORIA LTDA,NAO,5000,PATRIA NOVA,NOVO HAMBURGO
197,9666433000155,9666433,MATRIZ,VIEW CONSULTORIA EM INOVACAO LTDA,NAO,1000,CENTRO,CURITIBA
198,10145201000130,10145201,MATRIZ,VASCO ALVES CONSULTORIA EM INFORMATICA LTDA,SIM,5000,MENINO DEUS,PORTO ALEGRE
199,10241629000187,10241629,MATRIZ,HABITAO EIRELI,SIM,93700,CORREGO GRANDE,FLORIANOPOLIS
200,10292174000129,10292174,MATRIZ,PACIFIC CONSULTORIA EM TECNOLOGIA DA INFORMACAO EIRELI,NAO,300000,CENTRO,FLORIANOPOLIS
201,10303632000188,10303632,MATRIZ,OCTARINE CONSULTORIA EM PROJETOS DIGITAIS LTDA,NAO,1000,INDEPENDENCIA,PORTO ALEGRE
202,10320392000120,10320392,MATRIZ,ATM SOLUCOES EM TECNOLOGIA LTDA,SIM,10000,SAO FRANCISCO,VIDEIRA
203,10339359000141,10339359,MATRIZ,CONSULTI - CONSULTORIA EM TECNOLOGIA DA INFORMACAO LTDA,NAO,10000,CENTRO HISTORICO,PORTO ALEGRE
204,10348941000174,10348941,MATRIZ,LINCROS TECH SOLUCOES EM SOFTWARE EIRELI,NAO,1087732,VICTOR KONDER,BLUMENAU
205,10353834000134,10353834,MATRIZ,GE DIGITAL DO BRASIL SERVICOS EM INFORMATICA LTDA.,NAO,17000,MOINHOS DE VENTO,PORTO ALEGRE
206,10358750000193,10358750,MATRIZ,PROFITER TELECOM SERVICOS DE CONSULTORIA EM TELECOMUNICACOES LTDA,NAO,1000,ALPHAVILLE GRACIOSA,PINHAIS
207,10358880000126,10358880,MATRIZ,SERCOMPE SOLUCOES CORPORATIVAS E TECNOLOGICAS LTDA,NAO,10000,SAO FRANCISCO,CURITIBA
208,10374614000197,10374614,MATRIZ,G.V.S CONSULTORIA EM INFORMATICA LTDA,NAO,2000,SAO MARCOS,JOINVILLE
209,10387465000109,10387465,MATRIZ,SERCOMPE SOLUCOES CORPORATIVAS E TECNOLOGICAS LTDA,NAO,10000,INDEPENDENCIA,PORTO ALEGRE
210,10394304000134,10394304,MATRIZ,FERNANDO DA SILVEIRA CONSULTORIA,NAO,1000,FLORESTA,PORTO ALEGRE
211,10414615000118,10414615,MATRIZ,SPRO CONSULTORIA E INFORMATICA LTDA,NAO,1000000,REBOUCAS,CURITIBA
212,10415575000129,10415575,MATRIZ,HR PROCESSAMENTO DE DADOS LTDA,NAO,45000,PATRIA NOVA,NOVO HAMBURGO
213,10436009000101,10436009,MATRIZ,MURA INFORMATICA LTDA,NAO,10000,CENTRO,SAO LEOPOLDO
214,10468447000143,10468447,MATRIZ,PRIME CONTROL CONSULTORIA LTDA,NAO,3091190,BATEL,CURITIBA
215,10469390000105,10469390,MATRIZ,BBP ADMINISTRADORA DE BENS IMOVEIS PROPRIOS LTDA,NAO,6000000,ITOUPAVAZINHA,BLUMENAU
216,10472415000111,10472415,MATRIZ,BESTSOFT HARDWARE E LICENCIAMENTO DE SOFTWARE LTDA,SIM,10000,MOINHOS DE VENTO,PORTO ALEGRE
217,10483721000153,10483721,MATRIZ,CARVALHO JR CONSULTORIA LTDA,NAO,5000,MONT SERRAT,PORTO ALEGRE
218,10498651000107,10498651,MATRIZ,AFF - INFORMATICA LTDA.,NAO,3000,CENTRO,DOIS IRMAOS
219,10509713000139,10509713,MATRIZ,MAXCOMPRA - CONSULTORIA EMPRESARIAL LTDA.,NAO,20000,CENTRO,PONTA GROSSA
220,10524406000127,10524406,MATRIZ,FLAVIO STEFFENS DE CASTRO,SIM,5000,TRES FIGUEIRAS,PORTO ALEGRE
221,10570173000107,10570173,MATRIZ,POLARIS PARTICIPACOES SOCIETARIAS LTDA,NAO,2250000,BOM RETIRO,CURITIBA
222,10634181000161,10634181,MATRIZ,DEI PRIORI CONSULTORIA EM TI E DESENVOLVIMENTO DE PROGRAMAS E JOGOS DE COMPUTADORES LTDA,NAO,2000,FLORESTA,JOINVILLE
223,10655518000117,10655518,MATRIZ,ZIESEMER & CIA LTDA,SIM,10000,BARRAGEM,RIO DO SUL
224,10657602000170,10657602,MATRIZ,CONTE SERVICOS DE INFORMATICA LTDA.,NAO,10000,NOVO MUNDO,CURITIBA
225,10702854000173,10702854,MATRIZ,UPRIME SOFTWARE LTDA,SIM,5000,NOSSA SENHORA APARECIDA,ENCANTADO
226,10721973000173,10721973,MATRIZ,VIBROACUSTICA DESENVOLVIMENTO E PESQUISA LTDA,NAO,20000,AMERICA,JOINVILLE
227,10732355000129,10732355,MATRIZ,PETRIKOR DESIGN GRAFICO LTDA,SIM,30000,GLEBA FAZENDA PALHANO,LONDRINA
228,10743066000125,10743066,MATRIZ,LIGHTHOUSE SOLUCOES EM INFORMATICA LTDA,NAO,4000,RIO BRANCO,PORTO ALEGRE
229,10778277000101,10778277,MATRIZ,TIAGO DA SILVA PRADO,NAO,50000,ARTIDOR ORTIZ,ROSARIO DO SUL
230,10780049000168,10780049,MATRIZ,SOLID CONSULTORIA E PROJETOS LTDA.,SIM,1000,PASSO DA AREIA,PORTO ALEGRE
231,10803704000156,10803704,MATRIZ,J. MARCHI ASSESSORIA EM ENGENHARIA E INFORMATICA LTDA,SIM,10000,FLORESTA,JOINVILLE
232,10882234000163,10882234,MATRIZ,ELITE TRADER ASSESSORIA E CONSULTORIA EMPRESARIAL LTDA,SIM,15000,PETROPOLIS,PORTO ALEGRE
233,10963516000195,10963516,MATRIZ,ALIZ CSE INFORMATICA S/A,NAO,1000,CENTRO,PORTO ALEGRE
234,11023375000193,11023375,MATRIZ,BUSINESS SOLUTION SISTEMAS DE INFORMATICA LTDA,SIM,2000,CENTRO,CURITIBA
235,11030542000123,11030542,MATRIZ,SANTOS & CARLESSO LTDA,SIM,30000,JARDIM SANTA HELENA,MARINGA
236,11036060000180,11036060,MATRIZ,H. F. CABRAL - EIRELI,SIM,100000,LOTEAMENTO ROMANI,DOIS VIZINHOS
237,11038137000151,11038137,MATRIZ,GODZ GOVERNANCA E CONSULTORIA EMPRESARIAL LTDA,SIM,84400,SANTO INACIO,CURITIBA
238,11048655000156,11048655,MATRIZ,INTELLIGENT MARITIME SOLUTIONS CONSULTORIA LTDA,SIM,1000,JARDIM SOCIAL,CURITIBA
239,11094781000147,11094781,MATRIZ,KRN CONSULTORIA E TECNOLOGIA LTDA,NAO,80000,CRISTO REI,SAO LEOPOLDO
240,11147517000124,11147517,MATRIZ,GIGACONSULT - CONSULTORIA EM TECNOLOGIA DA INFORMACAO LTDA.,NAO,1500,CENTRO,SAO LEOPOLDO
241,11152463000195,11152463,MATRIZ,MK DO BRASIL CONSULTORIA EM TI LTDA,NAO,500000,IDEAL,NOVO HAMBURGO
242,11188017000130,11188017,MATRIZ,GESPLUS SOFTWARE LTDA,NAO,3000,AMERICA,JOINVILLE
243,11204307000120,11204307,MATRIZ,MOOVE.ON CONSULTORIA EM INOVACAO LTDA,NAO,20000,MENINO DEUS,PORTO ALEGRE
244,11209861000109,11209861,MATRIZ,GEOINFORMATION TECNOLOGIA LTDA,SIM,5000,NOVO MUNDO,CURITIBA
245,11211970000152,11211970,MATRIZ,I 360 SOLUCOES PARA INTERACAO E COMUNICACAO CORPORATIVA LTDA,NAO,100000,PATRIA NOVA,NOVO HAMBURGO
246,11247373000188,11247373,MATRIZ,ARROBAINFO SOLUCOES EM INFORMATICA LTDA,SIM,30000,SERRANO,CAXIAS DO SUL
247,11381069000129,11381069,MATRIZ,JOAO ANTUNES RIBEIRO JUNIOR,SIM,10000,CENTRO,GUARAPUAVA
248,11482819000159,11482819,MATRIZ,DMX CONSULTORIA EM TECNOLOGIA DA INFORMACAO EIRELI,NAO,104500,RIO BRANCO,PORTO ALEGRE
249,11492297000176,11492297,MATRIZ,VMMELLO CONSULTORIA E DESENVOLVIMENTO LTDA,NAO,3000,NOSSA SENHORA DAS GRACAS,CANOAS
250,11527712000180,11527712,MATRIZ,INFOPOR INFORMATICA LTDA,SIM,4000,MORADA DO SOL,MONDAI
251,11564730000131,11564730,MATRIZ,IMAPS INTELLIGENCE LTDA,NAO,50000,AUXILIADORA,PORTO ALEGRE
252,11589018000197,11589018,MATRIZ,INTENTO LTDA,SIM,2000,FLORESTA,PORTO ALEGRE
253,11595710000128,11595710,MATRIZ,SHELTERIT SEGURANCA DIGITAL TRIBUTARIA S/A,NAO,300000,CENTRO,NOVO HAMBURGO
254,11595801000163,11595801,MATRIZ,ALIPRANDINI CONSULTORIA LTDA,NAO,20000,CENTRO,XANXERE
255,11738958000109,11738958,MATRIZ,DANIEL APARECIDO DE TOLEDO VIANA,SIM,10000,CAMPO COMPRIDO,CURITIBA
256,11851549000106,11851549,MATRIZ,EXPERT IT LTDA,NAO,5000,THOMAZ COELHO,ARAUCARIA
257,11902187000135,11902187,MATRIZ,INLINUX INFORMATICA LTDA,NAO,10000,XAXIM,CURITIBA
258,11958556000101,11958556,MATRIZ,ASK CONSULTORIA E SISTEMAS LTDA,NAO,20000,BOA VISTA,CURITIBA
259,12028803000133,12028803,MATRIZ,"VAR3F, CONSULTORIA INFORMATICA E SISTEMAS LTDA",NAO,50000,CENTRO,CAMPO MOURAO
260,12231412000111,12231412,MATRIZ,VIRTUA VISION SYSTEMS EIRELI,NAO,80000,CENTRO,NOVA SANTA RITA
261,12324285000103,12324285,MATRIZ,HCM CONSULTING SERVICOS DE CONSULTORIA LTDA.,NAO,80000,AMERICA,JOINVILLE
262,12330337000146,12330337,MATRIZ,BEMACHI SORTEMOBIL SERVICOS DE INFORMATICA LTDA.,NAO,1200000,CENTRO,CURITIBA
263,12350970000104,12350970,MATRIZ,EITI SOLUCOES DE TECNOLOGIA LTDA,NAO,85225,AMERICA,JOINVILLE
264,12405123000191,12405123,MATRIZ,PAULA FIGUEIREDO CONSULTORIA EM INFORMATICA LTDA,NAO,5000,IRIRIU,JOINVILLE
265,12411222000186,12411222,MATRIZ,RICARDO COSTA CONSULTORIA EM INFORMATICA LTDA,NAO,5000,BUCAREIN,JOINVILLE
266,12794444000125,12794444,MATRIZ,HAG CONSULTORIA EM INFORMATICA LTDA,SIM,3000,ATUBA,CURITIBA
267,12803041000103,12803041,MATRIZ,IXS TECNOLOGIA DA INFORMACAO LTDA,NAO,7625,CABRAL,CURITIBA
268,12861549000150,12861549,MATRIZ,REIS & BERNARDES CONSULTORIA E REPRESENTACOES LTDA,NAO,10000,COSTA E SILVA,JOINVILLE
269,12957904000199,12957904,MATRIZ,ZERO OU UM NEGOCIOS DIGITAIS LTDA,SIM,40000,CENTRO,CURITIBA
270,13095751000180,13095751,MATRIZ,F. ALMEIDA CONSULTORIA EMPRESARIAL LTDA,NAO,20000,CENTRO,PATO BRANCO
271,13178989000170,13178989,MATRIZ,MULTI CONSULTORIA E TECNOLOGIA EIRELI,SIM,88000,ITOUPAVA NORTE,BLUMENAU
272,13224486000193,13224486,MATRIZ,FUSION INFORMATICA LTDA,NAO,100000,HIGIENOPOLIS,PORTO ALEGRE
273,13292648000120,13292648,MATRIZ,INCITE TECNOLOGIA DA INFORMACAO LTDA,SIM,30000,ANA NERY,SANTA CRUZ DO SUL
274,13394646000142,13394646,MATRIZ,TUMA CONSULTORIA EM INFORMATICA LTDA,NAO,5000,BUCAREIN,JOINVILLE
275,13599751000118,13599751,MATRIZ,TIVEA SISTEMAS FINANCEIROS LTDA,NAO,5000,PARTENON,PORTO ALEGRE
276,13612744000109,13612744,MATRIZ,PLIGG CONSULTORIA EM TECNOLOGIA DA INFORMACAO LTDA.,SIM,1000000,CENTRO,GARIBALDI
277,13630506000126,13630506,MATRIZ,"MIRACH INOVACAO, TECNOLOGIA E SERVICOS EIRELI",NAO,90000,PRAIA DE BELAS,PORTO ALEGRE
278,13809874000136,13809874,MATRIZ,FOCO CONSULTORIA EM TECNOLOGIA DA INFORMACAO LTDA,NAO,10000,FORQUILHINHAS,SAO JOSE
279,13963659000195,13963659,MATRIZ,GALAXIA NASCENTE CONSULTORIA LTDA,SIM,10000,JARDIM BOTANICO,PORTO ALEGRE
280,13976120000170,13976120,MATRIZ,LAPORTE CONSULTORIA EM TECNOLOGIA DA INFORMACAO EIRELI,NAO,78800,BIGORRILHO,CURITIBA
281,13994051000128,13994051,MATRIZ,GOLIVE CONSULTORIA LTDA,SIM,13500,MERCES,CURITIBA
282,14056643000161,14056643,MATRIZ,"CUNHA E MIRANDA ESTRATEGIA, GESTAO E TECNOLOGIA DA INFORMACAO LTDA",SIM,2000,MERCES,CURITIBA
283,14063825000160,14063825,MATRIZ,SIMPLEZ CONSULTORIA LTDA,NAO,10000,PETROPOLIS,PORTO ALEGRE
284,14136101000107,14136101,MATRIZ,SONNUS ASSESSORIA E CONSULTORIA EM INFORMATICA LTDA,SIM,3000,BOA VISTA,CURITIBA
285,14147860000167,14147860,MATRIZ,HADAS SERVICOS DE CONSULTORIA EM INFORMATICA LTDA,NAO,10000,PILARZINHO,CURITIBA
286,14220191000101,14220191,MATRIZ,NEURON CONSULTORIA LTDA,SIM,60000,ITACORUBI,FLORIANOPOLIS
287,14371565000190,14371565,MATRIZ,SIKUR CONSULTORIA E GESTAO EMPRESARIAL LTDA.,NAO,7424177,CIDADE BAIXA,PORTO ALEGRE
288,14456555000157,14456555,MATRIZ,CENTRAIS ONLINE SISTEMAS E CONSULTORIAS LTDA,NAO,5000,JARDIM DAS AMERICAS,CURITIBA
289,14470857000180,14470857,MATRIZ,LERMEN SYSTEMS LTDA,SIM,10000,CENTRO,BLUMENAU
290,14513770000142,14513770,MATRIZ,RED COMMERCE CONSULTORIA E RECRUTAMENTO LTDA,NAO,1246300,CENTRO CIVICO,CURITIBA
291,14533121000103,14533121,MATRIZ,SEVENIT - CONSULTORIA EM TECNOLOGIA DA INFORMACAO LTDA,NAO,98000,AMERICA,JOINVILLE
292,14557997000190,14557997,MATRIZ,INFRACERTA CONSULTORIA LTDA,NAO,6000,CENTRO,IMBITUBA
293,14686366000170,14686366,MATRIZ,CONNECT TELEINFORMATICA E CONSULTORIA LTDA,NAO,50000,ITACORUBI,FLORIANOPOLIS
294,14699691000178,14699691,MATRIZ,RETAIL CONSULT KSR - SOLUCOES PARA VAREJO LTDA,NAO,155690,CABRAL,CURITIBA
295,14731086000137,14731086,MATRIZ,C E L B TECNOLOGIA DA INFORMACAO LTDA,SIM,2000,CENTRO,NOVO HAMBURGO
296,14808197000102,14808197,MATRIZ,MURATA TECNOLOGIA DA INFORMACAO LTDA,SIM,20000,NOSSA SENHORA DE LOURDES,SANTA MARIA
297,14816976000141,14816976,MATRIZ,JOBYLWARE SISTEMAS LTDA,SIM,10000,INDEPENDENCIA,PORTO ALEGRE
298,14822675000120,14822675,MATRIZ,SERVERDO SERVICOS DE INFORMATICA LTDA,SIM,1000,KOBRASOL,SAO JOSE
299,14911562000100,14911562,MATRIZ,PRATICA CERTIFICACAO DIGITAL LTDA.,SIM,300000,AREAL,PELOTAS
300,15005247000178,15005247,MATRIZ,RAFAEL FELIPE CAMARGO,SIM,5000,ANITA GARIBALDI,JOINVILLE
301,15077871000180,15077871,MATRIZ,FUNDACAO MUNICIPAL DE TECNOLOGIA DA INFORMACAO E COMUNICACAO DE CANOAS,NAO,0,CENTRO,CANOAS
302,15083648000146,15083648,MATRIZ,KNOW HOW ASSESSORIA EMPRESARIAL LTDA,NAO,10000,CENTRO,FLORIANOPOLIS
303,15111904000161,15111904,MATRIZ,MLV PRODUTOS E SERVICOS EM TECNOLOGIA DA INFORMACAO LTDA,NAO,120000,TRES FIGUEIRAS,PORTO ALEGRE
304,15251078000156,15251078,MATRIZ,ROSSI & ZAMBON INFORMATICA LTDA,NAO,10000,CENTRO,MARINGA
305,15313818000131,15313818,MATRIZ,TELEFOCUS INFORMATICA LTDA,NAO,1000,CENTRO,CURITIBA
306,15371741000156,15371741,MATRIZ,INTELLYTWO NEGOCIOS & SERVICOS LTDA,NAO,80000,BOA VISTA,PORTO ALEGRE
307,15399960000143,15399960,MATRIZ,IST INFORMATICA LTDA,SIM,5000,CIDADE ALTA,BENTO GONCALVES
308,15555098000110,15555098,MATRIZ,LUCAS CAMASSOLA,NAO,5000,CENTRO,SAO MARCOS
309,15793046000182,15793046,MATRIZ,MUJEIKO & EICHLER PARTICIPACOES SA,NAO,243146,CANASVIEIRAS,FLORIANOPOLIS
310,16528380000171,16528380,MATRIZ,AKQUINET HKS SOLUCOES EM TECNOLOGIA DA INFORMACAO LTDA,NAO,30000,EXPOSICAO,CAXIAS DO SUL
311,16539305000106,16539305,MATRIZ,UPY SISTEMAS LTDA,NAO,20000,CENTRO,SAO LEOPOLDO
312,16584899000177,16584899,MATRIZ,SMART SKY SERVICOS LTDA,NAO,20000,JARDIM BOTANICO,CURITIBA
313,16644671000125,16644671,MATRIZ,ANESTECH TECNOLOGIA DA INFORMACAO LTDA,NAO,202706,TRINDADE,FLORIANOPOLIS
314,16800966000143,16800966,MATRIZ,RIC MAIS PARANA LTDA.,NAO,1160000,PILARZINHO,CURITIBA
315,16801310000145,16801310,MATRIZ,SERCOMPE TECNOLOGIA EM SOFTWARE LTDA,NAO,10000,ZONA INDUSTRIAL NORTE,JOINVILLE
316,16890759000127,16890759,MATRIZ,RISKOFIT TECNOLOGIA APLICADA LTDA,NAO,302000,PETROPOLIS,PORTO ALEGRE
317,16890793000100,16890793,MATRIZ,GOLLTD TECNOLOGIA DA INFORMACAO LTDA,SIM,1200,SANTA CATARINA,BIGUACU
318,16997247000164,16997247,MATRIZ,CONSORCIO NTC-NEOWAY,NAO,0,ITACORUBI,FLORIANOPOLIS
319,17011419000141,17011419,MATRIZ,UHLIG & KOROVSKY TECNOLOGIA LTDA.,SIM,65000,CENTRO,SAO BENTO DO SUL
320,17052172000101,17052172,MATRIZ,BROWNPIPE CONSULTORIA EM SEGURANCA DA INFORMACAO LTDA.,NAO,10000,CENTRO,TRES DE MAIO
321,17124582000110,17124582,MATRIZ,ERIKA ROMAO CONSULTORIA LTDA,NAO,5000,BAIRRO ALTO,CURITIBA
322,17128605000165,17128605,MATRIZ,DIMAT SOLUTIONS - CONSULTORIA EM TECNOLOGIA DA INFORMACAO LTDA,NAO,10000,SAO JOAO,PORTO ALEGRE
323,17283617000164,17283617,MATRIZ,VENERA - SOLUCOES CORPORATIVAS LTDA,SIM,1000,BATEL,CURITIBA
324,17437312000160,17437312,MATRIZ,HGSOFT TECNOLOGIA EIRELI,SIM,104500,CENTRO,SAO JOAO BATISTA
325,17654009000119,17654009,MATRIZ,ACE ASSESSORIA E CONSULTORIA EM INFORMATICA EIRELI,NAO,95400,CENTRO,CANOAS
326,17871176000111,17871176,MATRIZ,BATISTA GESTAO EM SAUDE EIRELI,NAO,10000,CENTRO HISTORICO,PORTO ALEGRE
327,17915726000157,17915726,MATRIZ,SMARTI CONSULTORIA E SERVICOS DE TI LTDA,SIM,12000,BATEL,CURITIBA
328,17948237000100,17948237,MATRIZ,DEFINITE IT TECNOLOGIA DA INFORMACAO LTDA,NAO,10000,AUXILIADORA,PORTO ALEGRE
329,17949442000181,17949442,MATRIZ,MALGUEIRO SERVICOS EM TECNOLOGIA DA INFORMACAO LTDA,SIM,10000,SAO FRANCISCO,CURITIBA
330,18173795000103,18173795,MATRIZ,TEXVN INFORMATICA - EIRELI,SIM,70000,HUGO LANGE,CURITIBA
331,18319172000198,18319172,MATRIZ,TEKOA INFORMACAO E CONECTIVIDADE LTDA,NAO,1000000,SACO GRANDE,FLORIANOPOLIS
332,18435752000140,18435752,MATRIZ,OKTOPLUS FIDELIDADE LTDA,NAO,799664,RIO TAVARES,FLORIANOPOLIS
333,18615479000136,18615479,MATRIZ,NEOEP - ENGENHARIA DE PRODUCAO LTDA,NAO,460000,PETROPOLIS,PORTO ALEGRE
334,18630834000146,18630834,MATRIZ,TINO TECH INFORMATICA LTDA,NAO,20000,RIO BRANCO,PORTO ALEGRE
335,18771570000140,18771570,MATRIZ,VALTECH BRASIL TECNOLOGIA DIGITAL LTDA,NAO,775300,TRINDADE,FLORIANOPOLIS
336,18796297000109,18796297,MATRIZ,PLANO B CONSULTORIA LTDA,SIM,10000,SANTO ANTONIO,SAO JOSE DOS PINHAIS
337,18843171000148,18843171,MATRIZ,BTI ESTRATEGICA CONSULTORIA EM TI LTDA,SIM,10000,SANVITTO,CAXIAS DO SUL
338,19021905000176,19021905,MATRIZ,SUMMIT NETWORKS LTDA,NAO,308100,PRAIA DE BELAS,PORTO ALEGRE
339,19122334000166,19122334,MATRIZ,MIDIA CLASS EDITORA LTDA,SIM,10000,CENTRO,CURITIBA
340,19196565000114,19196565,MATRIZ,GM MONTEIRO GIL - CONSULTORIA EM TECNOLOGIA DA INFORMACAO,NAO,5000,CRISTO REI,CURITIBA
341,19301105000109,19301105,MATRIZ,IMPLEMENTTI TECNOLOGIA EIRELI,SIM,95400,CENTRO,CURITIBA
342,19387204000155,19387204,MATRIZ,M4 GARANTIA CONSULTORIA LTDA,NAO,3504400,CENTRO,JATAIZINHO
343,19440549000125,19440549,MATRIZ,CTX CONSULTORIA LTDA.,SIM,200000,TRINDADE,FLORIANOPOLIS
344,19688509000105,19688509,MATRIZ,SOCIUM IT CONSULTORIA LTDA,NAO,20000,FAZENDA,ITAJAI
345,19716266000163,19716266,MATRIZ,AQL CONSULTORIA EMPRESARIAL E TECNOLOGIA DA INFORMACAO LTDA,SIM,30000,SUMARE,RIO DO SUL
346,19942131000116,19942131,MATRIZ,AIRWAVE BRASIL TECNOLOGIA LTDA,NAO,25000,JARDIM PANORAMA,ARAPONGAS
347,19967832000100,19967832,MATRIZ,WORK OUT CONSULTORIA EM TECNOLOGIA DA INFORMACAO LTDA,SIM,10000,NOSSA SENHORA DE LOURDES,CAXIAS DO SUL
348,20007959000166,20007959,MATRIZ,HYPERCLOUD CONSULTORIA E COMERCIO DE TECNOLOGIA LTDA,NAO,100000,CENTRO,BALNEARIO CAMBORIU
349,20013675000182,20013675,MATRIZ,KEPHA MENTORIA DE PROJETOS TECNOLOGICOS LTDA,SIM,200000,CENTRO,DOIS VIZINHOS
350,20093970000196,20093970,MATRIZ,PLICPLAC DESENVOLVIMENTO WEB LTDA.,SIM,10000,MOINHOS DE VENTO,PORTO ALEGRE
351,20221014000142,20221014,MATRIZ,RC CONSULTORIA EM TECNOLOGIA DA INFORMACAO LTDA,NAO,3000,CRISTO REI,CURITIBA
352,20375185000126,20375185,MATRIZ,N. L DA VISITACAO & CIA. LTDA,NAO,25000,JARDIM TABAETE,MARINGA
353,20791217000174,20791217,MATRIZ,DOMVS TECNOLOGIA DA INFORMACAO LTDA,NAO,10000,RIO BRANCO,PORTO ALEGRE
354,20925274000107,20925274,MATRIZ,TRUE WORK CONSULTORIA E DESENVOLVIMENTO DE SISTEMAS LTDA,NAO,15000,CENTRO,PINHAIS
355,20945553000124,20945553,MATRIZ,ND DESENVOLVIMENTO E CONSULTORIA LTDA,NAO,75000,AMERICA,JOINVILLE
356,20980996000156,20980996,MATRIZ,SMA IT SOLUTIONS LTDA,NAO,20000,REBOUCAS,CURITIBA
357,21295146000181,21295146,MATRIZ,FLM TECNOLOGIA EIRELI,SIM,100000,HAUER,CURITIBA
358,21388085000105,21388085,MATRIZ,FELICIO CONSULTORIA EIRELI,SIM,98000,REBOUCAS,CURITIBA
359,21423671000135,21423671,MATRIZ,PORTER GROUP S.A.,NAO,1100000,SANTA MONICA,FLORIANOPOLIS
360,21491167000172,21491167,MATRIZ,INCA CONSULTORIA DESENVOLVIMENTO E INDUSTRIALIZACAO DE TECNOLOGIAS INOVADORAS EIRELI,SIM,80000,CENTRO,PRESIDENTE GETULIO
361,21505378000117,21505378,MATRIZ,BRID CONSULTORIA E SOLUCOES LTDA,NAO,500000,IPANEMA,LONDRINA
362,21513996000109,21513996,MATRIZ,PROPUS SCIENCE TECNOLOGIA DA INFORMACAO LTDA,NAO,10000,FLORESTA,PORTO ALEGRE
363,21584489000166,21584489,MATRIZ,UNICORN TECNOLOGIA E PARTICIPACOES EIRELI,NAO,350000,CENTRO,PINHAIS
364,21682068000178,21682068,MATRIZ,QEXPERT CONSULTORIA EM BUSINESS INTELLIGENCE LTDA.,NAO,45000,PRADO VELHO,CURITIBA
365,21728376000197,21728376,MATRIZ,CSX SOLUCOES LTDA,SIM,30000,ITOUPAVAZINHA,BLUMENAU
366,21812398000130,21812398,MATRIZ,MRJP CONSULTORIA EM INFORMATICA S/A,NAO,30000,BATEL,CURITIBA
367,21884232000120,21884232,MATRIZ,NIMBUS NETWORK TECNOLOGIA DA INFORMACAO LTDA,SIM,30000,AGUA VERDE,CURITIBA
368,21916782000183,21916782,MATRIZ,DAYBACK ENERGIA ESTRATEGICA LTDA,SIM,50000,JOAO PAULO,FLORIANOPOLIS
369,21932891000194,21932891,MATRIZ,AGGRANDIZE SERVICOS DE TECNOLOGIA DA INFORMACAO LTDA,NAO,63000,AREAL,PELOTAS
370,21935427000151,21935427,MATRIZ,PSAINFO PRESTACAO DE SERVICOS DE INFORMATICA LTDA,NAO,80000,ITACORUBI,FLORIANOPOLIS
371,21969334000148,21969334,MATRIZ,TRIVIO TECNOLOGIA LTDA,SIM,129000,CENTRO,BALNEARIO CAMBORIU
372,21979785000166,21979785,MATRIZ,CENTRO DE TREINAMENTO SAO MATEUS EIRELI,NAO,78800,CENTRO,SAO MATEUS DO SUL
373,22007582000170,22007582,MATRIZ,ABSOFT SOLUCOES INTELIGENTES LTDA,SIM,10000,CENTRO,QUEDAS DO IGUACU
374,22182361000139,22182361,MATRIZ,DEV4YOU CONSULTORIA EM TECNOLOGIA DA INFORMACAO E PROCESSAMENTO DE DADOS EIRELI,NAO,93700,CIDADE BAIXA,PORTO ALEGRE
375,22282839000100,22282839,MATRIZ,GREATSOFT SISTEMAS DE INFORMACAO LTDA.,NAO,20000,ALTO TARUMA,PINHAIS
376,22370057000115,22370057,MATRIZ,DWU SOLUCOES EM TECNOLOGIA DA INFORMACAO LTDA,SIM,42000,PRAIA DE BELAS,PORTO ALEGRE
377,22459999000174,22459999,MATRIZ,PUBLIC & PRIVATE TECNOLOGIA E SERVICOS DE INFORMACAO LTDA,SIM,5000,CENTRO,CRICIUMA
378,22487718000197,22487718,MATRIZ,EXITOS EFICIENCIA EM INFORMACAO E TECNOLOGIA LTDA,NAO,30000,CENTRO,ITAJAI
379,22516315000129,22516315,MATRIZ,EGROUP CONSULTORIA EM TECNOLOGIA DA INFORMACAO LTDA,NAO,15000,SAO FRANCISCO,CURITIBA
380,22546577000136,22546577,MATRIZ,AVEERE COMERCIO E SERVICOS EM TECNOLOGIA LTDA,NAO,99000,RIO BRANCO,CAXIAS DO SUL
381,22778608000184,22778608,MATRIZ,NEXITERA CONSULTORIA E SOLUCOES EM TI SA.,NAO,7600691,VILA IZABEL,CURITIBA
382,22940419000166,22940419,MATRIZ,CONAZ TECNOLOGIA S.A,NAO,3483690,TRINDADE,FLORIANOPOLIS
383,22981457000167,22981457,MATRIZ,IDEATOS SOLUCOES EM TECNOLOGIA EIRELI,SIM,99800,UNIVERSITARIO,LAJEADO
384,23065417000138,23065417,MATRIZ,TRUBR TECHNOLOGY LTDA,SIM,10000,RIO BRANCO,PORTO ALEGRE
385,23068092000147,23068092,MATRIZ,MOURA & MOURA CONSULTORES LTDA,SIM,500,ZONA NOVA,CAPAO DA CANOA
386,23201941000199,23201941,MATRIZ,DOUGLAS CAETANO JEREMIAS,SIM,10000,SANTO ANTONIO DE PADUA,TUBARAO
387,23244090000161,23244090,MATRIZ,THEKLA CONSULTORIA DE SISTEMAS EIRELI,SIM,80000,UBERABA,CURITIBA
388,23316396000186,23316396,MATRIZ,BATTISTI & BATTISTI - CONSULTORIA EMPRESARIAL LTDA,SIM,20000,JARDIM ANAPOLIS,TOLEDO
389,23450854000175,23450854,MATRIZ,WS TECH - SOLUCOES EM T I EIRELI,SIM,115000,CAJURU,CURITIBA
390,23468855000147,23468855,MATRIZ,ALESSANDRO STEIN,SIM,1000,SAO LUIS,JARAGUA DO SUL
391,23507330000173,23507330,MATRIZ,DIEGO GAFFORELLI PERFEITO,SIM,10000,PROTASIO ALVES,PORTO ALEGRE
392,23516468000139,23516468,MATRIZ,APPIX - INOVACAO EM TECNOLOGIA DA INFORMACAO LTDA,NAO,100000,PRAIA DOS AMORES,BALNEARIO CAMBORIU
393,23595125000107,23595125,MATRIZ,TRESOR BRASIL CONSULTORIA EIRELI,NAO,80000,ESTREITO,FLORIANOPOLIS
394,23635781000196,23635781,MATRIZ,SOLLAR ONE TECNOLOGIA LTDA,NAO,80000,CENTRO,CASCAVEL
395,23720406000144,23720406,MATRIZ,AMEW CONSULTORIA LTDA,SIM,5000,CAJURU,CURITIBA
396,23773859000139,23773859,MATRIZ,ATM 2 SOLUCOES EM TECNOLOGIA LTDA,SIM,10000,PROSPERA,CRICIUMA
397,24153353000190,24153353,MATRIZ,SELFLESS PRODUTORA LTDA,SIM,100000,CENTRO,FRANCISCO BELTRAO
398,24196301000109,24196301,MATRIZ,TRIXX SERVICOS DE INFORMACAO LTDA,NAO,10000,CENTRO,CURITIBA
399,24232219000184,24232219,MATRIZ,UP CONTACT CENTER EIRELI,SIM,89000,ESTREITO,FLORIANOPOLIS
400,24232254000101,24232254,MATRIZ,BERGHAHN DESENVOLVIMENTO DE NEGOCIOS LTDA,SIM,20000,CENTRO,NOVO HAMBURGO
401,24353595000127,24353595,MATRIZ,EXITUS EMPRESARIAL CONSULTORIA EIRELI,SIM,90000,ESTREITO,FLORIANOPOLIS
402,24362619000104,24362619,MATRIZ,CCS NEGOCIOS & ASSESSORIA EIRELI,SIM,88000,SAO CRISTOVAO,LAJEADO
403,24513991000174,24513991,MATRIZ,CONSORCIO PARANOA,NAO,0,CIDADE INDUSTRIAL,CURITIBA
404,24582772000147,24582772,MATRIZ,"GOI & PEREZ CONSULTORIA, SERVICOS, VENDAS E LOCACOES LTDA",NAO,15000,ITAI,ELDORADO DO SUL
405,24586847000168,24586847,MATRIZ,PIXELWOLF CONSULTORIA EM TECNOLOGIA LTDA,NAO,20000,VILA IZABEL,CURITIBA
406,24608207000101,24608207,MATRIZ,MULTIPLA ARQUITETURA E GERENCIAMENTO DE SERVICOS LTDA,SIM,25000,MEIA PRAIA,ITAPEMA
407,24642438000131,24642438,MATRIZ,ALF CONSULTORIA LTDA,NAO,15000,BATEL,CURITIBA
408,24642661000189,24642661,MATRIZ,4SOLVE SOFTWARES LTDA,SIM,20000,CENTRO,SAPUCAIA DO SUL
409,24688226000195,24688226,MATRIZ,MV TECH SOLUCOES TECNOLOGICAS LTDA,SIM,10000,ZONA 01,MARINGA
410,24762992000152,24762992,MATRIZ,DECOSTORE INFORMACAO E TECNOLOGIA LTDA.,SIM,100000,BATEL,CURITIBA
411,24980717000105,24980717,MATRIZ,R. A. DE ARAUJO ANTONIAZZI GEOPROCESSAMENTO E TOPOGRAFIA,SIM,6000,VILA CARNELOS,MANDAGUACU
412,25239083000105,25239083,MATRIZ,ESCOTTA CONSULTORIA LTDA,NAO,200000,BIGORRILHO,CURITIBA
413,25245543000108,25245543,MATRIZ,UNI ENTERPRISE SOLUCOES INTELIGENTES EIRELI,SIM,110000,CENTRO,FRANCISCO BELTRAO
414,25275126000108,25275126,MATRIZ,ARC TECNOLOGIA E DESENVOLVIMENTO LTDA,NAO,75000,RIO BRANCO,CAXIAS DO SUL
415,25275641000180,25275641,MATRIZ,PRISMATECH ASSESSORIA EM SISTEMAS DE INFORMATICA EIRELI,SIM,90000,CENTRO,SARANDI
416,25285557000147,25285557,MATRIZ,ROBOTIMIZE LTDA,SIM,88000,XAXIM,CURITIBA
417,25327802000131,25327802,MATRIZ,MEYER CONSULTORIA EM TI LTDA.,SIM,5000,MENINO DEUS,PORTO ALEGRE
418,25341444000111,25341444,MATRIZ,CORE SOLUTIONS - AUTOMACAO TECNOLOGICA LTDA,SIM,13000,JUVEVE,CURITIBA
419,25420887000106,25420887,MATRIZ,APAPELME CONSULTORIA EM INFORMATICA LTDA,SIM,5000,CENTRO,TOLEDO
420,25533119000150,25533119,MATRIZ,WARP TECNOLOGIA LTDA,SIM,25000,CAMOBI,SANTA MARIA
421,26114425000115,26114425,MATRIZ,EUQUEROINVESTIR TECNOLOGIA LTDA,NAO,88000,CENTRO,BALNEARIO CAMBORIU
422,26116642000144,26116642,MATRIZ,GP VENTURES LTDA,NAO,600000,HIGIENOPOLIS,PORTO ALEGRE
423,26126319000151,26126319,MATRIZ,PERFORMANCE PROCESSOS SUPORTE E CONSULTORIA EM GESTAO EMPRESARIAL EIRELI,NAO,110000,SAO CRISTOVAO,LAJEADO
424,26181064000120,26181064,MATRIZ,MAPA SA - CONSULTORIA E ANALISES SOCIOAMBIENTAIS LTDA,SIM,10000,HEDY,LONDRINA
425,26214713000141,26214713,MATRIZ,N&J PARTNERS CONSULTORIA E SERVICOS EM INFORMATICA LTDA,NAO,10000,AGUA VERDE,CURITIBA
426,26225132000105,26225132,MATRIZ,INTERANET SOLUCOES EM TI LTDA,SIM,500000,INDEPENDENCIA,PORTO ALEGRE
427,26252461000145,26252461,MATRIZ,GEEKPOT CONSULTORIA E SERVICOS DE INFORMATICA LTDA,NAO,5000,ALTO DA RUA XV,CURITIBA
428,26263353000178,26263353,MATRIZ,BM SISTEMAS DE ANALISE DE DADOS EIRELI,SIM,93700,GUARUJA,PORTO ALEGRE
429,26294369000148,26294369,MATRIZ,WYTECH SERVICOS DE TECNOLOGIA LTDA,SIM,5000,GLEBA FAZENDA PALHANO,LONDRINA
430,26346174000102,26346174,MATRIZ,42 SOLUCOES DIGITAIS LTDA,NAO,10000,SACO GRANDE,FLORIANOPOLIS
431,26468924000100,26468924,MATRIZ,X4 AUTOMACOES LTDA,SIM,10000,CRISTO REI,SAO LEOPOLDO
432,26469808000106,26469808,MATRIZ,INLINE TECNOLOGIA EIRELI,SIM,95400,JARDIM TOQUIO,MARINGA
433,26481766000129,26481766,MATRIZ,PINOT CONSULTORIA EM TECNOLOGIA DA INFORMACAO LTDA,NAO,2000,LAGOA DA CONCEICAO,FLORIANOPOLIS
434,26683997000115,26683997,MATRIZ,WAGNER FERNANDES DOS SANTOS,SIM,2000,PROTASIO ALVES,PORTO ALEGRE
435,26686159000103,26686159,MATRIZ,AD SOLUCOES DIGITAIS LTDA,SIM,50000,LOMBA DO PINHEIRO,PORTO ALEGRE
436,26756002000107,26756002,MATRIZ,ROMARIO ROSA DE ALMEIDA GESTAO EM SAUDE EIRELI,SIM,88000,CENTRO,BAGE
437,26771369000191,26771369,MATRIZ,DHARMA DIGITAL - CONSULTORIA E ASSESSORIA DE GESTAO COMERCIAL LTDA.,SIM,10000,ZONA 07,MARINGA
438,26893432000162,26893432,MATRIZ,LSB CRONOS GESTAO DE PRODUCAO LTDA,NAO,10000,PEDRA BRANCA,PALHOCA
439,26960108000110,26960108,MATRIZ,OPENCONNECT SISTEMAS DE INFORMACAO E TECNOLOGIA LTDA,SIM,10000,SAO BRAZ,CURITIBA
440,27003628000105,27003628,MATRIZ,H SOURCE IT TECNOLOGIA DA INFORMACAO LTDA.,NAO,790000,PORTAL DA SERRA,DOIS IRMAOS
441,27090363000111,27090363,MATRIZ,ZERO TI TECNOLOGIA DA INFORMACAO LTDA,SIM,101010,BIGORRILHO,CURITIBA
442,27100089000114,27100089,MATRIZ,DDS CONSULTORIA EM TECNOLOGIA DA INFORMACAO EIRELI,SIM,93700,PE EDUARDO,TAIO
443,27106994000181,27106994,MATRIZ,ANDREIA APARECIDA DE OLIVEIRA CORDEIRO EIRELI,SIM,93700,SAO BERNARDO,UNIAO DA VITORIA
444,27112738000105,27112738,MATRIZ,PRADO TECNOLOGIA LTDA,SIM,5000,BAIRRO ALTO,CURITIBA
445,27299019000137,27299019,MATRIZ,ITA INFRA ESTRUTURA DE TELECOM EIRELI,SIM,100000,NAVEGANTES,PORTO ALEGRE
446,27372850000177,27372850,MATRIZ,GUEDES CONSULTORES LTDA.,NAO,20000,AMERICA,JOINVILLE
447,27438836000129,27438836,MATRIZ,GROWTH OFFICE LTDA,SIM,1000,SACO GRANDE,FLORIANOPOLIS
448,27456547000152,27456547,MATRIZ,SEO EXPERTS CONSULTORIA EM TECNOLOGIA DA INFORMATICA EIRELI,SIM,93700,FANNY,CURITIBA
449,27481416000125,27481416,MATRIZ,WLAN REDES SEM FIO SERVICOS EM TECNOLOGIA LTDA,SIM,15000,PASSO DA AREIA,PORTO ALEGRE
450,27483628000141,27483628,MATRIZ,AYGA TECNOLOGIA S.A.,NAO,1000,CRISTO REI,SAO LEOPOLDO
451,27649569000139,27649569,MATRIZ,H. DE PAULA SOUZA JUNIOR - CONSULTORIA EM INFORMATICA,SIM,10000,CAJURU,CURITIBA
452,27667548000146,27667548,MATRIZ,HS2 SERVICOS E SOLUCOES DE INFORMATICA LTDA,NAO,100000,PRADO VELHO,CURITIBA
453,27702054000155,27702054,MATRIZ,VIBE IT SOLUCOES EM TECNOLOGIA LTDA,SIM,1000,ALTO DA RUA XV,CURITIBA
454,27770937000100,27770937,MATRIZ,GO SYSTEM TECNOLOGIA LTDA,SIM,1000,BIGORRILHO,CURITIBA
455,27908845000136,27908845,MATRIZ,THIAGO ADOLFO PREIS,SIM,5000,VELHA,BLUMENAU
456,27982288000101,27982288,MATRIZ,I. RAMOS & SANTOS CONSULTORIA E ASSESSORIA LTDA,SIM,10000,FRARON,PATO BRANCO
457,28027289000151,28027289,MATRIZ,PARTNER SHARE ASSESSORIA E CONSULTORIA EM INFORMATICA EIRELI,NAO,150000,SAO JOSE,PORTO ALEGRE
458,28027477000180,28027477,MATRIZ,CONSULEXPRESS ASSESSORIA E CONSULTORIA EM INFORMATICA EIRELI,NAO,150000,PETROPOLIS,PORTO ALEGRE
459,28031071000170,28031071,MATRIZ,DESENVINFO SOLUCOES EM TECNOLOGIA LTDA,SIM,1000,CENTRO CIVICO,CURITIBA
460,28082914000168,28082914,MATRIZ,RAVAGLIO E SAAB TECNOLOGIA E GESTAO LTDA,SIM,10000,CABRAL,CURITIBA
461,28218561000180,28218561,MATRIZ,BCS ASSESSORIA E CONSULTORIA EM INFORMATICA EIRELI,NAO,150000,MOINHOS DE VENTO,PORTO ALEGRE
462,28232830000163,28232830,MATRIZ,RODRIGO ARDIGO CONSULTORIA,SIM,10000,CENTRO,ITAJAI
463,28241746000106,28241746,MATRIZ,WITCRED CONSULTORIA EIRELI,SIM,95000,SANTA BARBARA,CRICIUMA
464,28254301000160,28254301,MATRIZ,J. BRINDAROLLI CONSULTORIA LTDA,NAO,2000,AHU,CURITIBA
465,28336299000179,28336299,MATRIZ,PROGRES TECNOLOGIA LTDA,SIM,10000,FLORESTA,PORTO ALEGRE
466,28340957000104,28340957,MATRIZ,SS CONSULTORIA LTDA,SIM,10000,PETROPOLIS,PORTO ALEGRE
467,28341460000100,28341460,MATRIZ,CDC TECNOLOGIA LTDA,NAO,12000,CENTRO HISTORICO,PORTO ALEGRE
468,28371547000112,28371547,MATRIZ,LAPLUS C&P GESTAO EMPRESARIAL LTDA,NAO,3000,SACO GRANDE,FLORIANOPOLIS
469,28396501000158,28396501,MATRIZ,DYCK & SANTOS LTDA,SIM,7500,JARDIM PAULISTA,CAMPINA GRANDE DO SUL
470,28494539000163,28494539,MATRIZ,GAMMALINK SERVICO DE INFORMATICA LTDA,NAO,100000,CENTRO HISTORICO,PORTO ALEGRE
471,28517714000190,28517714,MATRIZ,WTIT GESTAO E CONSULTORIA DE INFORMATICA LTDA,SIM,10000,JARDIM ITALIA II,MARINGA
472,28888367000102,28888367,MATRIZ,ACTIOTECH CONSULTORIA EM TI LTDA,NAO,2000,UBERABA,CURITIBA
473,28946642000105,28946642,MATRIZ,MCC TECNOLOGIA DA INFORMACAO LTDA,SIM,2000,BATEL,CURITIBA
474,29030375000186,29030375,MATRIZ,INDICE INFORMATICA EIRELI,SIM,95000,POPULAR LAGES,LAGES
475,29040042000138,29040042,MATRIZ,LOY SA,NAO,100000,CENTRO,CHAPECO
476,29069537000190,29069537,MATRIZ,INOVUP SOLUCOES TECNOLOGICAS LTDA,NAO,5000,NOVA RUSSIA,PONTA GROSSA
477,29116537000101,29116537,MATRIZ,BEXPO TRANSFORMACAO E INOVACAO LTDA,SIM,12000,BALNARIO FLORIDA,MATINHOS
478,29152144000145,29152144,MATRIZ,DANIELA CUNHA LIMA,SIM,10000,IGARA,CANOAS
479,29190191000183,29190191,MATRIZ,SPIN INTELIGENCIA EMPRESARIAL LTDA,NAO,10000,JARAGUA ESQUERDO,JARAGUA DO SUL
480,29230277000192,29230277,MATRIZ,INFOTECH ASSISTENCIA E SUPORTE EM TI LTDA,SIM,6000,JARDIM SAO PEDRO,PORTO ALEGRE
481,29302309000118,29302309,MATRIZ,MARCUS VINICIUS SANTANA LOPES,NAO,1000,BAIRRO ALTO,CURITIBA
482,29309746000163,29309746,MATRIZ,GO4 TECNOLOGIA DA INFORMACAO LTDA,SIM,960000,CENTRO,CURITIBA
483,29432024000100,29432024,MATRIZ,ITRK TECNOLOGIA DA INFORMACAO LTDA,SIM,60000,JARDIM DAS AMERICAS,CURITIBA
484,29472136000186,29472136,MATRIZ,IT+ GESTAO E TECNOLOGIA - EIRELI,SIM,93700,BATEL,CURITIBA
485,29488065000100,29488065,MATRIZ,RCFO IT CONSULTING LTDA,SIM,2000,CENTRO,PAROBE
486,29496699000104,29496699,MATRIZ,IBTI INSTITUTO BADAZ - TECNOLOGIA & INOVACAO LTDA,SIM,1000,PORTAO,CURITIBA
487,29636554000161,29636554,MATRIZ,GILGRID APLICATIVOS LTDA,SIM,96000,CRISTO REI,CURITIBA
488,29653583000131,29653583,MATRIZ,DUTRA ANALYTICS SERVICOS DE INFORMACAO LTDA,NAO,1000,RIO BRANCO,NOVO HAMBURGO
489,29667108000114,29667108,MATRIZ,ALEXANDRE DE LIMA MACHADO CONSULTORIA,SIM,1000,HUMAITA,PORTO ALEGRE
490,29723917000104,29723917,MATRIZ,MARCOS FABIANO MENDES DE SIQUEIRA,SIM,10000,CENTRO,FLORIANOPOLIS
491,29751722000160,29751722,MATRIZ,JADER E AMANDA SISTEMAS DE TECNOLOGIA DA INFORMACAO LTDA,SIM,5000,CENTRO,BIGUACU
492,29753819000101,29753819,MATRIZ,JLV ENGENHARIA TECNOLOGIA E SOFTWARE LTDA,SIM,50000,JOAO PAULO,FLORIANOPOLIS
493,29766130000111,29766130,MATRIZ,ARSS TECNOLOGIA DA INFORMACAO LTDA,SIM,1000,ALPHAVILLE GRACIOSA,PINHAIS
494,29814528000186,29814528,MATRIZ,P2P BUSINESS SOLUTIONS - EIRELI,SIM,100000,XAXIM,CURITIBA
495,29826123000168,29826123,MATRIZ,REINALDO FREITAS DE CRISTO,SIM,5000,CENTRO,CURITIBA
496,29829507000134,29829507,MATRIZ,DIEGO ZAGONEL DE CAMARGO MELLO,SIM,1000,SANTO ANTONIO,JOINVILLE
497,29832432000140,29832432,MATRIZ,RAISEHANDS SOLUCOES ONLINE LTDA,SIM,100000,ESTREITO,FLORIANOPOLIS
498,29840265000180,29840265,MATRIZ,MICHAEL ANGELO ODORIZZI FILHO INFORMATICA,NAO,3000,AHU,CURITIBA
499,29890481000130,29890481,MATRIZ,SPRO CONSULTORIA E INFORMATICA LTDA SCP E.O,NAO,100,REBOUCAS,CURITIBA
500,29915283000183,29915283,MATRIZ,L&L ASSESSORIA E CONSULTORIA EMPRESARIAL LTDA,SIM,1000,CIDADE INDUSTRIAL,CURITIBA
501,29920323000185,29920323,MATRIZ,TOLFO & KRABBE INFORMATICA LTDA,SIM,12000,VILA IPIRANGA,PORTO ALEGRE
502,29920563000180,29920563,MATRIZ,DPC CONSULTORIA LTDA,NAO,12000,PASSO DA AREIA,PORTO ALEGRE
503,30025695000127,30025695,MATRIZ,IMEDIATUM TECNOLOGIA LTDA,SIM,100000,BOM RETIRO,JOINVILLE
504,30033125000189,30033125,MATRIZ,HC CONSULTORIA EM TECNOLOGIA LTDA,SIM,10000,CAMPINA DO SIQUEIRA,CURITIBA
505,30043931000138,30043931,MATRIZ,TAX PAYMENTS TECNOLOGIA EM MEIOS DE PAGAMENTOS EIRELI,SIM,100000,NOVA DIVINEIA,ARARANGUA
506,30107695000176,30107695,MATRIZ,INSTITUTO DA TRANSFORMACAO DIGITAL - ITD,NAO,0,CIDADE BAIXA,PORTO ALEGRE
507,30120829000199,30120829,MATRIZ,FULL NINE DIGITAL CONSULTORIA LTDA,SIM,1000,CAMPINAS,SAO JOSE
508,30142925000138,30142925,MATRIZ,INSTITUTO FETRANSPAR,NAO,0,REBOUCAS,CURITIBA
509,30148342000114,30148342,MATRIZ,AGRINESS EDGE TECNOLOGIA S.A.,NAO,134478,JOAO PAULO,FLORIANOPOLIS
510,30280646000130,30280646,MATRIZ,ANGOS STUDIO LTDA,SIM,30000,SAO PAULO,MONTENEGRO
511,30281605000169,30281605,MATRIZ,RALTEC TECNOLOGIA DA INFORMACAO LTDA,SIM,30000,AGUA VERDE,CURITIBA
512,30303839000160,30303839,MATRIZ,FCE TECNOLOGIA DA INFORMACAO EIRELI,NAO,95400,BOM RETIRO,JOINVILLE
513,30310764000144,30310764,MATRIZ,INTELPRICE SOLUCOES DE PRECIFICACAO LTDA,SIM,300000,RIO BRANCO,PORTO ALEGRE
514,30339718000178,30339718,MATRIZ,NEXTHOP SOLUTIONS - CONSULTORIA EM TECNOLOGIA DA INFORMACAO EIRELI,SIM,150000,LOTEAMENTO JARDIM TIMBAUVA,GRAVATAI
515,30351627000158,30351627,MATRIZ,RAFAEL DA LUZ VAZ - COMERCIO E CONSULTORIA TECNOLOGIA EIRELI,SIM,95400,SITIO CERCADO,CURITIBA
516,30517691000166,30517691,MATRIZ,LUCIANO JOHNSON CONSULTORIA EM TI,SIM,10000,JARDIM DAS AMERICAS,CURITIBA
517,30537374000101,30537374,MATRIZ,ASTACKS SERVICOS DE TECNOLOGIA LTDA,SIM,1000,CAMPINAS,SAO JOSE
518,30568793000100,30568793,MATRIZ,DAVI EMILIO BUSANELLO FERREIRA CONSULTORIA EM TECNOLOGIA,SIM,1000,CENTRO HISTORICO,PORTO ALEGRE
519,30580414000106,30580414,MATRIZ,BT TECNOLOGIA LTDA.,NAO,10000,CRISTAL,PORTO ALEGRE
520,30607379000163,30607379,MATRIZ,MENDEL E ZAMBERLAN CONSULTORIA EM DESENVOLVIMENTO DE SOFTWARE LTDA,SIM,1000,CRISTO REI,CURITIBA
521,30677270000100,30677270,MATRIZ,PAULIN DESIGN E DESENVOLVIMENTO DE SISTEMAS INTERFACES E EXPERIENCIA DO USUARIO LTDA,SIM,1000,JUVEVE,CURITIBA
522,30750260000145,30750260,MATRIZ,ADVBOX CONSULTORIA E TECNOLOGIA LTDA,SIM,104000,SACO GRANDE,FLORIANOPOLIS
523,30816395000166,30816395,MATRIZ,WA SOLUTIONS CONSULTORIA EIRELI,SIM,95400,SANTA TEREZINHA,BRUSQUE
524,30863642000185,30863642,MATRIZ,ATENA CONSULTORIA EM ERP & TI LTDA,NAO,50000,ZONA INDUSTRIAL NORTE,JOINVILLE
525,30920180000190,30920180,MATRIZ,NOEMI HISSAE SENAGA,NAO,5000,UBERABA,CURITIBA
526,30935151000100,30935151,MATRIZ,EVERTON SCHIPFER,SIM,1000,BOA VISTA,CURITIBA
527,30974259000102,30974259,MATRIZ,THIAGO BELIZARIO DA SILVA JIMENEZ CONSULTORIA E SERVICOS DE TI,SIM,1000,CENTRO,CURITIBA
528,30975075000159,30975075,MATRIZ,PEDRO ERNESTO THEOBALD PRA,SIM,10000,SANTA BARBARA,CRICIUMA
529,31041904000199,31041904,MATRIZ,WILLIAM DE SOUZA ANALIO CONSULTORIA EM TI,SIM,1000,MERCES,CURITIBA
530,31079657000110,31079657,MATRIZ,HI-LAW CONSULTORIA EM TECNOLOGIA DA INFORMACAO LTDA,SIM,10000,BATEL,CURITIBA
531,31092609000161,31092609,MATRIZ,ITOS TECNOLOGIA DA INFORMACAO EIRELI,NAO,100000,ALPHAVILLE GRACIOSA,PINHAIS
532,31111152000195,31111152,MATRIZ,LF TECNOLOGIA E GESTAO DE PESSOAS LTDA,SIM,500,AGUA VERDE,CURITIBA
533,31137926000157,31137926,MATRIZ,LAMARQUES E CIA LTDA,SIM,100000,CENTRO,MORRO REUTER
534,31160141000103,31160141,MATRIZ,LOGLOG TECNOLOGIA LTDA,NAO,10000,ALTO DA RUA XV,CURITIBA
535,31168095000180,31168095,MATRIZ,BIM START SERVICOS TECNOLOGICOS LTDA.,NAO,15000,CENTRO,CURITIBA
536,31233387000150,31233387,MATRIZ,WORKX IT SOLUCOES E SERVICOS EM TECNOLOGIA DA INFORMACAO LTDA,SIM,20000,JARDIM LEOPOLDINA,PORTO ALEGRE
537,31264122000119,31264122,MATRIZ,VEXPRO SOLUCOES EM TECNOLOGIA LTDA,NAO,20000,AGUA VERDE,CURITIBA
538,31289053000106,31289053,MATRIZ,CONTROLE3G CONSULTORIA EM TECNOLOGIA DA INFORMACAO EIRELI,NAO,95400,JARDIM LANCASTER II,FOZ DO IGUACU
539,31304385000104,31304385,MATRIZ,IOFHORUS ASSESSORIA EM TECNOLOGIA DA INFORMACAO E TREINAMENTO EMPRESARIAL LTDA.,NAO,5000,JARDIM AMERICA,CAXIAS DO SUL
540,31417599000197,31417599,MATRIZ,WEILLER E VARGAS LTDA,NAO,20000,SAO JOSE,PASSO FUNDO
541,31436767000191,31436767,MATRIZ,FELIPE SOUZA DORE,NAO,10000,RIO BRANCO,CANOAS
542,31452043000131,31452043,MATRIZ,INTELCOMP TECNOLOGIA & GESTAO DE TI LTDA,SIM,25000,CENTRO,NOVO HAMBURGO
543,31554667000160,31554667,MATRIZ,"MPTECH PROJETOS, SERVICOS E SOLUCOES EM TECNOLOGIA LTDA.",NAO,10000,VILA SAO JOSE,PORTO ALEGRE
544,31569523000187,31569523,MATRIZ,CAP RATE CONSULTORIA EM TECNOLOGIA DA INFORMACAO E CORRESPONDENTE FINANCEIRO LTDA.,NAO,10000,CRISTAL,PORTO ALEGRE
545,31615060000142,31615060,MATRIZ,VALDEMIR FERNANDES DE RAMOS,SIM,1000,AGUA VERDE,CURITIBA
546,31625732000109,31625732,MATRIZ,HOMEX TECNOLOGIA LTDA,SIM,50000,VILA CACHOEIRINHA,CACHOEIRINHA
547,31627865000106,31627865,MATRIZ,CGBHOME CONSULTORIA E ASSESSORIA EMPRESARIAL - EIRELI,SIM,100000,AUXILIADORA,PORTO ALEGRE
548,31721284000139,31721284,MATRIZ,JUTAY MARCELO FARIAS DE MEDEIROS - KISHRON,SIM,10000,CENTRO,CASCAVEL
549,31764349000123,31764349,MATRIZ,C. K. SOLANO,SIM,10000,TRINDADE,FLORIANOPOLIS
550,31881132000101,31881132,MATRIZ,DIOGO ROMEO SOLUCOES EM TECNOLOGIA E INOVACAO,SIM,30000,VILA FRANCA,PIRAQUARA
551,31974922000123,31974922,MATRIZ,TCHE SOLUTIONS CONSULTORIA EM TECNOLOGIA LTDA,SIM,5000,BELA VISTA,SAO SEPE
552,32089832000112,32089832,MATRIZ,THIAGO DE OLIVEIRA FELIX CONSULTORIA EM TI,SIM,1000,VILA IZABEL,CURITIBA
553,32116856000113,32116856,MATRIZ,POLIS INFORMATICA LTDA - SCP,NAO,10000,JARDIM DO SALSO,PORTO ALEGRE
554,32161647000191,32161647,MATRIZ,FOBONE TECNOLOGIA DA INFORMACAO LTDA,SIM,2000,PINHEIRINHO,CURITIBA
555,32177085000174,32177085,MATRIZ,ATDM CONSULTORIA EMPRESARIAL LTDA,NAO,95400,MOSSUNGUE,CURITIBA
556,32214357000169,32214357,MATRIZ,DATABZNESS CONSULTORIA EM TI LTDA,SIM,10000,VILA IZABEL,CURITIBA
557,32244389000107,32244389,MATRIZ,R. REOLON - CONSULTORIA EM GESTAO,SIM,10000,COQUEIRAL,CASCAVEL
558,32333203000196,32333203,MATRIZ,ALESSANDRO CARDOZO BUENO,SIM,1000,AFONSO PENA,SAO JOSE DOS PINHAIS
559,32340117000100,32340117,MATRIZ,SPRO CONSULTORIA E INFORMATICA LTDA SCP TV,NAO,100,REBOUCAS,CURITIBA
560,32340240000121,32340240,MATRIZ,SPRO CONSULTORIA E INFORMATICA LTDA SCP FZC,NAO,100,REBOUCAS,CURITIBA
561,32416966000109,32416966,MATRIZ,C S I DE ALMEIDA TECNOLOGIA DA INFORMACAO,SIM,250000,SANTO ANTONIO,PORTO ALEGRE
562,32477752000134,32477752,MATRIZ,RAFAEL PADILHA DA SILVA & CIA LTDA,SIM,5000,AREAL,PELOTAS
563,32494446000106,32494446,MATRIZ,SENSO ESTRATEGIA MULTI CANAIS S.A.,NAO,200000,ALTO DA RUA XV,CURITIBA
564,32509849000181,32509849,MATRIZ,THIAGO AZEVEDO DE BASSI COMERCIO DE EQUIPAMENTOS DE INFORMATICA,SIM,1000,SAO BRAZ,CURITIBA
565,32548626000123,32548626,MATRIZ,ECOTEC CONSULTORIA EM TECNOLOGIA DA INFORMACAO LTDA.,NAO,100000,DISTRITO INDUSTRIAL,FAXINAL DO SOTURNO
566,32568380000151,32568380,MATRIZ,UB CONSULTORIA EMPRESARIAL EIRELI,SIM,100000,BUCAREIN,JOINVILLE
567,32844773000140,32844773,MATRIZ,RMS CONSULTORIA LTDA,SIM,1000,CENTRO,GUARAMIRIM
568,32901739000160,32901739,MATRIZ,TOPSOLUTION SOLUCOES EM TECNOLOGIA EIRELI,SIM,99800,GUARITUBA,PIRAQUARA
569,32947076000115,32947076,MATRIZ,ALESSANDRO CIPRIANO NOGUEIRA,NAO,30000,RIO BRANCO,PORTO ALEGRE
570,33041999000176,33041999,MATRIZ,NETPROJ CONSULTORIA E ASSESSORIA PARA TRANSFORMACAO DIGITAL INTELIGENTE LTDA,SIM,90000,GUABIROTUBA,CURITIBA
571,33067005000190,33067005,MATRIZ,DALMIR CONSULTORIA EM TECNOLOGIA DA INFORMACAO LTDA,SIM,1100000,CENTRO,SANTA CRUZ DO SUL
572,33079420000164,33079420,MATRIZ,LESSEN TECH CONSULTORIA E MARKETING LTDA,SIM,50000,SACO GRANDE,FLORIANOPOLIS
573,33145309000129,33145309,MATRIZ,AVATO SERVICOS DE TI LTDA,NAO,100000,CENTRO,SANTA MARIA
574,33221091000144,33221091,MATRIZ,AGENCIA DE BOLSO CONSULTORIA EM INFORMATICA LTDA,NAO,1000,CENTRO,JOINVILLE
575,33301348000178,33301348,MATRIZ,LINKMESH TECNOLOGIA DA INFORMACAO LTDA,SIM,100000,CENTRO,BALNEARIO CAMBORIU
576,33332029000120,33332029,MATRIZ,INTERGALAXY HOLDINGS SA,NAO,12575391,CAMPO COMPRIDO,CURITIBA
577,33389754000134,33389754,MATRIZ,POLYEDRUM - CONSULTORIA EM TECNOLOGIA DA INFORMACAO LTDA,NAO,100000,AUXILIADORA,PORTO ALEGRE
578,33427638000162,33427638,MATRIZ,LB CONSULTORIA EM TI EIRELI,NAO,100000,JARDIM HIGIENOPOLIS,LONDRINA
579,33454191000110,33454191,MATRIZ,JUAN FRANCO XAVIER DA SILVA,SIM,1000,CENTRO,CURITIBA
580,33468050000157,33468050,MATRIZ,PRIVACY TOOLS CONSULTORIA EM TECNOLOGIA LTDA,SIM,6000,RIO BRANCO,PORTO ALEGRE
581,33639035000124,33639035,MATRIZ,MARIO HENRIQUE ROCHA AZZOLINI & CIA LTDA,SIM,100000,CENTRO,SAO JERONIMO
582,33665328000186,33665328,MATRIZ,LUAN RODRIGO PINTO KOTZ TECNOLOGIA DA INFORMACAO,SIM,1000,BOA VISTA,CURITIBA
583,33736420000190,33736420,MATRIZ,E.NEVES CONSULTORIA EM TECNOLOGIA DA INFORMACAO LTDA.,SIM,20000,SAO SEBASTIAO,PORTO ALEGRE
584,33750232000116,33750232,MATRIZ,2MIT - PROJETOS E SERVICOS DE ENGENHARIA DE SOFTWARE E AUTOMACAO INDUSTRIAL IT & AT LTDA,SIM,20000,RIO BRANCO,PORTO ALEGRE
585,33759076000154,33759076,MATRIZ,LINCK TECHNOLOGY LTDA,SIM,1000,CENTRO,CURITIBA
586,33808438000150,33808438,MATRIZ,METODO IT TREINAMENTOS E SERVICOS DE INFORMATICA LTDA,SIM,20000,REBOUCAS,CURITIBA
587,33899321000129,33899321,MATRIZ,DOMINUS ASSESSORIA E CONSULTORIA EM TI LTDA,SIM,12000,JARDIM EUROPA,PORTO ALEGRE
588,33943181000149,33943181,MATRIZ,ANGULARIS TECH SOLUCOES EM TECNOLOGIA DA INFORMACAO LTDA,NAO,4000,TRINDADE,FLORIANOPOLIS
589,33946520000140,33946520,MATRIZ,ICOLAB - INSTITUTO DE GESTAO TECNOLOGIA E INOVACAO,NAO,0,FLORESTA,PORTO ALEGRE
590,33967536000130,33967536,MATRIZ,NEWAGENT CONSULTORIA LTDA,NAO,25000,NOVA BRASILIA,JARAGUA DO SUL
591,34023303000141,34023303,MATRIZ,D R FABER CONSULTORIA E TECNOLOGIA DA INFORMACAO LTDA,SIM,30000,GRAVATA,NAVEGANTES
592,34026711000157,34026711,MATRIZ,FLOWDRIVE DESENVOLVIMENTO DE SOLUCOES PARA NEGOCIOS LTDA,SIM,99800,CENTRO,FLORIANOPOLIS
593,34093177000100,34093177,MATRIZ,PEDRO AUGUSTO D BRAZ TECNOOGIA DA INTFORMACAO,SIM,1000,AGUA VERDE,CURITIBA
594,34107090000136,34107090,MATRIZ,CUMERLATO DESENVOLVIMENTO DE SOFTWARE LTDA,SIM,1000,SAO JOSE,SAO LEOPOLDO
595,34121443000152,34121443,MATRIZ,COOGNICAO CONSULTORIA E TREINAMENTO LTDA,SIM,10000,BUCAREIN,JOINVILLE
596,34132808000144,34132808,MATRIZ,FLAVIO NONES PROCESSAMENTO DE DADOS EIRELI,SIM,100000,GAVEA,RODEIO
597,34269413000198,34269413,MATRIZ,ALFREDO SCHROEDER NETO CONSULTORIA EM TI,SIM,8000,FORTALEZA,BLUMENAU
598,34289648000141,34289648,MATRIZ,SAFE CLOUD CONSULTORIA EM TECNOLOGIA LTDA,SIM,120000,CRISTAL,PORTO ALEGRE
599,34433851000140,34433851,MATRIZ,OTTO TECNOLOGIA E DESENVOLVIMENTO DE SOFTWARE S.A.,NAO,3500000,AUXILIADORA,PORTO ALEGRE
600,34525284000151,34525284,MATRIZ,ZEROBOX SERVICOS EM COMPUTACAO NA NUVEM LTDA,NAO,30000,SAO JOAO,PORTO ALEGRE
601,34553881000190,34553881,MATRIZ,M99 SISTEMAS E ENGENHARIA LTDA,SIM,49900,ZONA 07,MARINGA
602,34554363000190,34554363,MATRIZ,ANELLO TECNOLOGIA LTDA,SIM,50000,RIO BRANCO,CAXIAS DO SUL
603,34595403000142,34595403,MATRIZ,BUTIK INTELIGENCIA APLICADA LTDA,SIM,1000,CAMPECHE,FLORIANOPOLIS
604,34660346000138,34660346,MATRIZ,DATARUNK SOLUCOES EM TECNOLOGIA DA INFORMACAO LTDA,SIM,40000,VELHA,BLUMENAU
605,34719768000131,34719768,MATRIZ,D-LOG TECNOLOGIA DA INFORMACAO EIRELI,SIM,110000,CENTRO,PASSO FUNDO
606,34758830000102,34758830,MATRIZ,DANILO CALVO ZENI - ZENI WEB CONSULTORIA EM TECNOLOGIA DA INFORMACAO,SIM,2000,CIDADE INDUSTRIAL,CURITIBA
607,34770395000123,34770395,MATRIZ,VFSOFT SOLUCOES EM TECNOLOGIA LTDA,SIM,5000,CENTRO,BIGUACU
608,34816718000172,34816718,MATRIZ,PARENTE ASSESSORIA E CONSULTORIA EM TECNOLOGIA DA INFORMACAO LTDA,NAO,5000,MONT SERRAT,PORTO ALEGRE
609,34829222000133,34829222,MATRIZ,SHERPA SOLUCOES EM SISTEMAS DE INFORMACAO LTDA,SIM,15000,JARDIM ITALIA,CHAPECO
610,34849750000154,34849750,MATRIZ,DATAFROST TECNOLOGIA DA INFORMACAO LTDA.,NAO,500000,CENTRO,PINHAIS
611,34914613000156,34914613,MATRIZ,DJEISON ALBERTO KANITZ LTDA,SIM,40000,CANOAS,RIO DO SUL
612,34952866000114,34952866,MATRIZ,CONTROLDATA TECNOLOGIA LTDA,NAO,10000,CENTRO,FLORIANOPOLIS
613,35054380000121,35054380,MATRIZ,OCTIS CONSULTORIA LTDA,SIM,9000,CANASVIEIRAS,FLORIANOPOLIS
614,35063002000104,35063002,MATRIZ,D2SMART CONSULTORIA EM TECNOLOGIA LTDA,SIM,10000,TRINDADE,FLORIANOPOLIS
615,35081130000180,35081130,MATRIZ,F11 TECNOLOGIA LTDA,SIM,1000,SANTA TERESA,SAO LEOPOLDO
616,35118515000175,35118515,MATRIZ,PLYS SERVICOS DE TECNOLOGIA LTDA,SIM,15000,AUXILIADORA,PORTO ALEGRE
617,35140820000163,35140820,MATRIZ,COINOVAC CONSULTORIA EM INFORMATICA LTDA,NAO,20000,CENTRO CIVICO,CURITIBA
618,35143923000187,35143923,MATRIZ,HEIMDALL TECNOLOGIA DA INFORMACAO LTDA,SIM,2000,SERRARIA,SAO JOSE
619,35259520000106,35259520,MATRIZ,JOINSAP CONSULTORIA LTDA,SIM,60000,BUCAREIN,JOINVILLE
620,35324257000183,35324257,MATRIZ,VANZETTO E CAMPOS CONSULTORIA EM SOFTWARE LTDA,SIM,58000,CENTENARIO,LAJEADO
621,35333643000131,35333643,MATRIZ,GORDION CONSULTORIA EMPRESARIAL LTDA,SIM,3000,BOM RETIRO,CURITIBA
622,35362926000101,35362926,MATRIZ,ADAC TECNOLOGIA DE INFORMACAO LTDA,SIM,40000,CENTRO,NAO-ME-TOQUE
623,35375291000187,35375291,MATRIZ,DARTHPOYO SERVICOS DE CONSULTORIA EM TECNOLOGIA DA INFORMACAO LTDA,SIM,1000,CIDADE INDUSTRIAL,CURITIBA
624,35417709000171,35417709,MATRIZ,BINSTORM CONSULTORIA EM TECNOLOGIA DA INFORMACAO LTDA,SIM,30000,JARDIM HONDA 2,LONDRINA
625,35458529000138,35458529,MATRIZ,CST IT COMERCIO E SERVICOS LTDA,SIM,1000,JARDIM SOCIAL,CURITIBA
626,35486795000174,35486795,MATRIZ,A2CORP CONSULTORIA E EVENTOS EIRELI,SIM,99800,SAN REMO,LONDRINA
627,35585732000175,35585732,MATRIZ,DEX IT SOLUCOES EM TECNOLOGIA DA INFORMACAO LTDA,SIM,30000,SANTA CANDIDA,CURITIBA
628,35587650000160,35587650,MATRIZ,MEXTECH CONSULTORIA TECNOLOGICA LTDA,SIM,10000,JARDIM NOVO HORIZONTE,MARINGA
629,35630160000107,35630160,MATRIZ,BIM START SERVICOS TECNOLOGICOS LTDA - SCP,NAO,335000,CENTRO,CURITIBA
630,35647638000101,35647638,MATRIZ,SKY SEND FACILITADORA DE SERVICOS DE TECNOLOGIA LTDA,NAO,100000,CENTRO,DIONISIO CERQUEIRA
631,35679751000160,35679751,MATRIZ,ARTUR FELIPE WENDLING LTDA,SIM,20000,VILA RODRIGUES,PASSO FUNDO
632,35749625000135,35749625,MATRIZ,CONCAT ALL - SERVICOS EM TECNOLOGIA DA INFORMACAO LTDA,SIM,10000,CAPAO DA IMBUIA,CURITIBA
633,35801157000109,35801157,MATRIZ,RASTRA SERVICO DE TECNOLOGIA SUSTENTAVEL LTDA,NAO,6000,CHACARA DAS PEDRAS,PORTO ALEGRE
634,35829508000181,35829508,MATRIZ,INSTITUTO BRASILEIRO DE PROTECAO DE DADOS LTDA,SIM,3000,AGUA VERDE,CURITIBA
635,35898518000179,35898518,MATRIZ,SETTTLE TECNOLOGIA LTDA,SIM,1000,CENTRO,FLORIANOPOLIS
636,36005389000105,36005389,MATRIZ,VEIGA CONSULTORIA EM INFORMATICA LTDA,SIM,5000,ITOUPAVAZINHA,BLUMENAU
637,36005539000180,36005539,MATRIZ,MAGNADATA PRESTACAO DE SERVICOS EM TECNOLOGIA DA INFORMACAO LTDA,SIM,10000,SAO FRANCISCO,FARROUPILHA
638,36058673000140,36058673,MATRIZ,JOAO GUILHERME CORREA HARGER,SIM,20000,CIDADE NOVA,ITAJAI
639,36152755000159,36152755,MATRIZ,DX.CO DESENVOLVIMENTO DE SOFTWARE LTDA.,NAO,2478490,PARTENON,PORTO ALEGRE
640,36260526000158,36260526,MATRIZ,JOY SOLUCOES E TECNOLOGIA LTDA,SIM,50000,BOQUEIRAO,CURITIBA
641,36325775000184,36325775,MATRIZ,MAX SISTEMAS DE INFORMATICA E CONSULTORIA FINANCEIRA LTDA,NAO,100000,CIDADE INDUSTRIAL,CURITIBA
642,36348088000184,36348088,MATRIZ,REND - SERVICOS DE TECNOLOGIA DE INFORMACAO LTDA,SIM,10000,PETROPOLIS,PORTO ALEGRE
643,36353517000101,36353517,MATRIZ,ABRANTECK TI SOLUCOES EMPRESARIAIS LTDA,SIM,10000,CAJURU,CURITIBA
644,36371866000156,36371866,MATRIZ,C RUIVO DA SLVA - TECNOLOGIA EM INFORMACAO E NEGOCIOS,SIM,5000,BELA SUICA,LONDRINA
645,36381943000159,36381943,MATRIZ,AV ENGENHARIA E COMERCIO LTDA,SIM,5000,CENTRO,SAO BENTO DO SUL
646,36421471000110,36421471,MATRIZ,MARCELO FRANTZ DESENVOLVIMENTO LTDA,SIM,1000,CENTRO,FLORIANOPOLIS
647,36467291000170,36467291,MATRIZ,TK TECHNOLOGIES CONSULTORIA EM TECNOLOGIA DA INFORMACAO LTDA,NAO,10000,ALTO DA RUA XV,CURITIBA
648,36474896000198,36474896,MATRIZ,JONAS TERTULIANO DOS SANTOS EIRELI,SIM,104500,CENTRO,CURITIBA
649,36498908000114,36498908,MATRIZ,SAFE TI CONSULTORIA EM INFORMATICA LTDA,NAO,6000,AUXILIADORA,PORTO ALEGRE
650,36526329000138,36526329,MATRIZ,CXD CONSULTORIA E DESENVOLVIMENTO EM TECNOLOGIA DA INFORMACAO LTDA,SIM,10000,SAO JORGE,NOVO HAMBURGO
651,36562986000130,36562986,MATRIZ,4LABS TECNOLOGIA DA INFORMACAO E CIENCIA DE DADOS LTDA,NAO,60000,AUXILIADORA,PORTO ALEGRE
652,36568185000182,36568185,MATRIZ,MBL DESENVOLVIMENTO TECNOLOGICO LTDA,SIM,30000,FLOR DA SERRA,JOACABA
653,36570041000160,36570041,MATRIZ,RTC CONSULTORIA EM TECNOLOGIA DA INFORMACAO LTDA,NAO,20000,CENTRO,TUBARAO
654,36624321000104,36624321,MATRIZ,CONSORCIO THALES,NAO,0,CENTRO,PINHAIS
655,36644876000118,36644876,MATRIZ,THEOBALD CONSULTORIA EM TECNOLOGIA DA INFORMACAO LTDA,NAO,1000,PONTA PORA,CACHOEIRINHA
656,36699438000157,36699438,MATRIZ,GIANO GESTAO DE RISCOS EM SEGURANCA DA INFORMACAO LTDA,SIM,1000,PASSO DA AREIA,PORTO ALEGRE
657,36716381000157,36716381,MATRIZ,NASTECH TECNOLOGIA DA INFORMACAO LTDA,SIM,5000,AGUA VERDE,CURITIBA
658,36718756000118,36718756,MATRIZ,ALCANCE CONSULTORIA DE MARKETING LTDA,SIM,30000,ESTANCIA VELHA,CANOAS
659,36730259000135,36730259,MATRIZ,RCUBE SERVICOS DE CONSULTORIA EM TECNOLOGIA DA INFORMACAO LTDA,SIM,1000,PEDRA BRANCA,PALHOCA
660,36734254000180,36734254,MATRIZ,COLLISION INTELLIGENCE LABS SERVICOS DE SEGURANCA DA INFORMACAO LTDA,SIM,1200,BOA VISTA,CURITIBA
661,36806175000138,36806175,MATRIZ,SELLER CENTER SISTEMAS DE INTEGRACAO LTDA,SIM,1000,TRINDADE,FLORIANOPOLIS
662,36820730000186,36820730,MATRIZ,SAFERA - ASSESSORIA E CONSULTORIA EM PROTECAO DE DADOS LTDA,SIM,100000,CENTRO,FLORIANOPOLIS
663,36869780000158,36869780,MATRIZ,TAG TECNOLOGIA EM GESTAO DE PAGAMENTOS S/A,NAO,500000,CENTRO CIVICO,CURITIBA
664,36909144000102,36909144,MATRIZ,INFOREJO CONSULTORIA EM TECNOLOGIA LTDA,NAO,50000,CENTRO,JOINVILLE
665,36949399000107,36949399,MATRIZ,GFISCHER CONSULTORIA E TECNOLOGIA EIRELI,SIM,104500,CENTRO,JOINVILLE
666,36958093000109,36958093,MATRIZ,"ACE CONSULTORIA E SERVICOS EM TECNOLOGIA DA INFORMACAO, MARKETING E NEGOCIOS DIGITAIS LTDA",SIM,2000,AUXILIADORA,PORTO ALEGRE
667,36969195000120,36969195,MATRIZ,J E SOLUCOES EM TECNOLOGIA LTDA,SIM,5000,VILA REAL,CHAPECO
668,36993305000199,36993305,MATRIZ,NAXI SERVICO DE TECNOLOGIA E CONSULTORIA LTDA,NAO,10000,VILA LALAU,JARAGUA DO SUL
669,37077182000109,37077182,MATRIZ,EMAILVERITAS TECNOLOGIA LTDA,SIM,20000,ITACORUBI,FLORIANOPOLIS
670,37177621000155,37177621,MATRIZ,E.S.T - SOLUCOES TECNOLOGICAS LTDA,SIM,30000,PONTE DO IMARUIM,PALHOCA
671,37178108000189,37178108,MATRIZ,LUCAS ELIAS FREIBERGER,SIM,2000,MONT SERRAT,PORTO ALEGRE
672,37221153000179,37221153,MATRIZ,DATAPUSH SERVICOS & CONSULTORIA EM TECNOLOGIA DA INFORMACAO LTDA,NAO,1000,DAS NACOES,INDAIAL
673,37229264000121,37229264,MATRIZ,PRUMO SERVICOS DE CONSULTORIA EM E-COMMERCE LTDA,SIM,10000,CRUZEIRO,FARROUPILHA
674,37531139000171,37531139,MATRIZ,PRESS START SERVICOS DE CONSULTORIA NA INTERNET LTDA,SIM,3500,INDEPENDENCIA,PORTO ALEGRE
675,37532711000117,37532711,MATRIZ,ALEXANDRE AUGUSTO DIAS RAMOS HUFFELL VIOLA,SIM,50000,RIO TAVARES,FLORIANOPOLIS
676,37538993000160,37538993,MATRIZ,GREAT IDEA GLOBAL TECNOLOGIA LTDA,NAO,5000,CENTRO,FLORIANOPOLIS
677,37539604000110,37539604,MATRIZ,"HUBALFA+ CONSULTORIA EMPRESARIAL, ENGENHARIA, TECNOLOGIA E EDUCACAO LTDA",SIM,4990,CAVALHADA,PORTO ALEGRE
678,37557245000124,37557245,MATRIZ,VPX TECNOLOGIA LTDA,NAO,100000,ESTREITO,FLORIANOPOLIS
679,37557582000111,37557582,MATRIZ,MOTTA E MOTTA SERVICOS DE TECNOLOGIA E CONSULTORIA LTDA,SIM,228000,JARDIM LONDRILAR,LONDRINA
680,37612212000130,37612212,MATRIZ,R & A CONSULTORIA LTDA,SIM,10000,TRES PORTOS,ESTEIO
681,37650364000127,37650364,MATRIZ,PRIMORDIALL TECNOLOGIA & NEGOCIOS LTDA,NAO,30000,GLEBA FAZENDA PALHANO,LONDRINA
682,37658745000152,37658745,MATRIZ,ALFA TECH COMERCIO E SERVICO LTDA,SIM,1000,CAJURU,CURITIBA
683,37671084000103,37671084,MATRIZ,IOTRIXX SOLUCOES EM INFORMATICA E COMUNICACAO LTDA,SIM,60000,JARDIM FLORESTA,FRANCISCO BELTRAO
684,37915955000189,37915955,MATRIZ,TYPHOON HIL (BR) CONSULTORIA E TREINAMENTO DE SOFTWARE LTDA,SIM,10000,SACO DOS LIMOES,FLORIANOPOLIS
685,37989501000152,37989501,MATRIZ,DM CLOUD & DEVOPS SERVICOS DE TECNOLOGIA LTDA,SIM,1000,SANTA CRUZ,GRAVATAI
686,38007294000156,38007294,MATRIZ,G&D TECNOLOGIA DA INFORMACAO LTDA,SIM,10000,CENTRO,SAO LEOPOLDO
687,38026554000130,38026554,MATRIZ,ALVO SYSTEM LTDA,SIM,3000,ABRAAO,FLORIANOPOLIS
688,38028982000100,38028982,MATRIZ,AGAPYS TECNOLOGIA DA INFORMACAO RPAIDEA LTDA,NAO,10000,CENTRO,JOINVILLE
689,38045543000106,38045543,MATRIZ,MERAKI CONSULTORIA EM TECNOLOGIA DA INFORMACAO LTDA,SIM,10000,BARREIROS,SAO JOSE
690,38143840000186,38143840,MATRIZ,TBMP CONSULTORIA DA INFORMACAO LTDA,SIM,2000,JARDIM CLAUDIA,PINHAIS
691,38212298000176,38212298,MATRIZ,PSAINFO PRESTACAO DE SERVICOS DE INFORMATICA LTDA - SCP 002,NAO,20000,ITACORUBI,FLORIANOPOLIS
692,38235218000106,38235218,MATRIZ,RICARDO SANTOS CONSULTORIA EM SOFTWARE LTDA.,NAO,10000,JUVEVE,CURITIBA
693,38475698000174,38475698,MATRIZ,HOLDING KIND OUTSIDERS LTDA,SIM,1000,SEMINARIO,CURITIBA
694,38535151000117,38535151,MATRIZ,INSIGHT SERVICOS DE CONSULTORIA EM TECNOLOGIA DA INFORMACAO LTDA,SIM,1000,MATO GRANDE,CANOAS
695,38560118000147,38560118,MATRIZ,CARUSO TECNOLOGIA & INTELIGENCIA GEOGRAFICA LTDA,NAO,100000,CENTRO,FLORIANOPOLIS
696,38560722000173,38560722,MATRIZ,WR CONSULT LTDA,SIM,10000,SUMARE,RIO DO SUL
697,38597881000142,38597881,MATRIZ,X.DIGITAL BRASIL SEGURANCA DA INFORMACAO LTDA,SIM,250000,ESTREITO,FLORIANOPOLIS
698,38731500000176,38731500,MATRIZ,ACTA TECH SERVICOS DE CONSULTORIA EM TECNOLOGIA DA INFORMACAO LTDA,SIM,12000,NOSSA SENHORA DE LOURDES,CAXIAS DO SUL
699,38974286000189,38974286,MATRIZ,RENOVRETAIL - RENOVACAO EM TECNOLOGIA PARA O VAREJO S/A,NAO,5000,GLEBA FAZENDA PALHANO,LONDRINA
700,39233445000157,39233445,MATRIZ,I HUMAN TECNOLOGIA CONSULTORIA EM TECNOLOGIA DA INFORMACAO LTDA,NAO,100000,CENTRO CIVICO,CURITIBA
701,39331535000180,39331535,MATRIZ,PRUX SOLUCOES DIGITAIS LTDA,SIM,1000,AUXILIADORA,PORTO ALEGRE
702,39355783000161,39355783,MATRIZ,BERGOLD TECH CONSULTORIA EIRELI,SIM,200000,CAJURU,CURITIBA
703,39416257000164,39416257,MATRIZ,INTEPEX SOLUCOES LTDA,SIM,25000,CENTRO,ARAUCARIA
704,39456186000123,39456186,MATRIZ,MICHELLI DA SILVA COSTA,SIM,10000,LAGOA DA CONCEICAO,FLORIANOPOLIS
705,39469328000197,39469328,MATRIZ,MIVA TECNOLOGIA LTDA,SIM,20000,PILARZINHO,CURITIBA
706,39473671000105,39473671,MATRIZ,CLARISSA CECCHIN CONSULTORIA EM TECNOLOGIA DA INFORMACAO LTDA,SIM,5000,NOSSA SENHORA DE FATIMA,SANTA MARIA
707,39485326000191,39485326,MATRIZ,R & R ALVES DA SILVA CONSULTORIA LTDA,SIM,30000,CENTRO,CANTAGALO
708,39512527000130,39512527,MATRIZ,SIKUR CONSULTORIA E GESTAO EMPRESARIAL LTDA - SCP,NAO,1000,CIDADE BAIXA,PORTO ALEGRE
709,39565812000110,39565812,MATRIZ,REZENA TI LTDA,SIM,10000,CENTRO,SAO MIGUEL DO OESTE
710,39679772000137,39679772,MATRIZ,ALLIE TECNOLOGIA LTDA,NAO,20000,SACO GRANDE,FLORIANOPOLIS
711,39781465000162,39781465,MATRIZ,PORTODEV CONSULTORIA E TECNOLOGIA LTDA,SIM,1000,CAVALHADA,PORTO ALEGRE
712,39836609000130,39836609,MATRIZ,BIODATA CONSULTORIA EM AVALIACAO GENETICA E CIENCIA DE DADOS LTDA.,SIM,40000,CENTRO,BAGE
713,39937682000107,39937682,MATRIZ,PATERA INC TECNOLOGIA DA INFORMACAO LTDA,SIM,1000,PARQUE AVENIDA,MARINGA
714,39951337000110,39951337,MATRIZ,LAB OF CODES SOLUCOES DIGITAIS LTDA,SIM,1000,INGLESES DO RIO VERMELHO,FLORIANOPOLIS
715,40019793000105,40019793,MATRIZ,MAASLO CONSULTORIA LTDA,SIM,10000,JARDIM ESPANHA,MARINGA
716,40093823000123,40093823,MATRIZ,FRANZONI CONSULTORIA EM TECNOLOGIA DA INFORMACAO LTDA,SIM,1500,CENTRO,BENTO GONCALVES
717,40188443000172,40188443,MATRIZ,CSMA SERVICOS DE AUTOMACAO LTDA,SIM,0,BIGORRILHO,CURITIBA
718,40194256000100,40194256,MATRIZ,ERUTRON TECNOLOGIA LTDA,SIM,50000,MENINO DEUS,PORTO ALEGRE
719,40240560000138,40240560,MATRIZ,C. GERLING,SIM,15000,WALDEREZ,SAPUCAIA DO SUL
720,40279046000106,40279046,MATRIZ,RKPINHEIRO LTDA,SIM,1000,CENTRO,JOINVILLE
721,40414919000146,40414919,MATRIZ,MADATECH SERVICOS DIGITAIS LTDA,NAO,15000,CENTRO,PONTA GROSSA
722,40452123000188,40452123,MATRIZ,MEGACHIPS CONSULTORIA EM TECNOLOGIA LTDA,NAO,5000,SERRARIA,PORTO ALEGRE
723,40499259000143,40499259,MATRIZ,DOUGLAS MARTINS CONSULTORIA DE TECNOLOGIA DA INFORMACAO LTDA,SIM,1000,VILA IPIRANGA,PORTO ALEGRE
724,40510812000100,40510812,MATRIZ,CECHET SOFTWARE SOLUTIONS LTDA,SIM,10000,ITOUPAVA SECA,BLUMENAU
725,40513322000159,40513322,MATRIZ,BAHDEV SERVICOS DE CONSULTORIA DE TI LTDA,SIM,1000,PARQUE DA MATRIZ,CACHOEIRINHA
726,40572288000193,40572288,MATRIZ,VHL CONSULTORIA EM TI LTDA,SIM,10000,TRINDADE,FLORIANOPOLIS
727,40589359000160,40589359,MATRIZ,N N SIEMIATKOWSKI CONSULTORIA LTDA,SIM,1000,ROCA GRANDE,COLOMBO
728,40590793000160,40590793,MATRIZ,PSAINFO PRESTACAO DE SERVICOS DE INFORMATICA LTDA - SCP 003,NAO,20000,ITACORUBI,FLORIANOPOLIS
729,40654924000126,40654924,MATRIZ,DATA POCKET CONSULTORIA INTERDISCIPLINAR LTDA,SIM,3000,INDEPENDENCIA,PORTO ALEGRE
730,40672980000193,40672980,MATRIZ,APETIS CONSULTORIA LTDA,SIM,5000,JUVEVE,CURITIBA
731,40706960000196,40706960,MATRIZ,MONTEIRO CONSULTORIA EM TECNOLOGIA DA INFORMACAO LTDA,SIM,1000,SACO GRANDE,FLORIANOPOLIS
732,40751154000130,40751154,MATRIZ,RUAN GERVASI LTDA,SIM,10000,CEDRO,CAMBORIU
733,40840011000102,40840011,MATRIZ,PUERARI SEGURANCA DA INFORMACAO LTDA,SIM,1000,CENTRO HISTORICO,PORTO ALEGRE
734,40871094000199,40871094,MATRIZ,SPRO CONSULTORIA E INFORMATICA LTDA SCP (RRF),NAO,100,REBOUCAS,CURITIBA
735,40877677000127,40877677,MATRIZ,"CARDOSO PEREIRA & SOFIA BAPTISTA - TECNOLOGIAS DA INFORMACAO, LDA DO BRASIL",NAO,30000,AGUA VERDE,CURITIBA
736,40879374000143,40879374,MATRIZ,TOOLS CONSULTORIA EM TECNOLOGIA DA INFORMACAO LTDA,SIM,5000,ITOUPAVA CENTRAL,BLUMENAU
737,40894681000101,40894681,MATRIZ,LLB SOLUCOES EM MULTIMIDIA LTDA,SIM,1000,ALTO BOQUEIRAO,CURITIBA
738,40909361000170,40909361,MATRIZ,C XAVIER DA SILVA - CONSULTORIA,SIM,10000,CONJUNTO RESIDENCIAL APORA,FOZ DO IGUACU
739,40942231000139,40942231,MATRIZ,VELVET DESENVOLVIMENTO DE SOFTWARE LTDA,SIM,20000,JUVEVE,CURITIBA
740,40999862000194,40999862,MATRIZ,EVERTON SILVA ROSA CONSULTORIA,SIM,1000,CAMPINAS,SAO JOSE
741,41011151000122,41011151,MATRIZ,L&S CONSULTORIA EM TECNOLOGIA DA INFORMACAO LTDA,SIM,10000,BELA VISTA,CAXIAS DO SUL
742,41013081000141,41013081,MATRIZ,CASSIANO FORMOLO,SIM,100,CRISTO REDENTOR,CAXIAS DO SUL
743,41045580000110,41045580,MATRIZ,G.N.S SOLUCOES EM TECNOLOGIA DE INFORMACAO LTDA,NAO,10000,PEDRA BRANCA,PALHOCA
744,41069952000149,41069952,MATRIZ,HELIX LABORATORIES DESENVOLVIMENTO DE PROGRAMAS DE COMPUTADOR LTDA,SIM,1000,AMERICA,JOINVILLE
745,41132023000137,41132023,MATRIZ,CYNC TECNOLOGIA LTDA,SIM,1000,VILA NOVA,BLUMENAU
746,41138337000147,41138337,MATRIZ,GLA. SOLUTIONS LTDA,SIM,15000,CENTRO,ESTRELA
747,41249650000152,41249650,MATRIZ,BIOSAT AGRICULTURA DE PRECISAO LTDA,SIM,1200,ZONA 03,MARINGA
748,41273734000121,41273734,MATRIZ,HD DEVFORCE LTDA,SIM,10000,CENTRO,CURITIBA
749,41368252000155,41368252,MATRIZ,REVIRAVOLTA LOCAL COMUNICACAO E TECNOLOGIA LTDA.,SIM,10000,HUGO LANGE,CURITIBA
750,41400372000192,41400372,MATRIZ,PRESSER CONSULTORIA E DESENVOLVIMENTO DE PROGRAMAS DE COMPUTADOR LTDA,SIM,1000,CENTRO,FLORIANOPOLIS
751,41418108000186,41418108,MATRIZ,IGREE SIGN INFORMATICA LTDA,NAO,10000,AGUA VERDE,CURITIBA
752,41497032000121,41497032,MATRIZ,RRD CONSULTORIA E INOVACAO LTDA,NAO,1000,MARECHAL RONDON,CANOAS
753,56350820000168,56350820,MATRIZ,VON BARANOW INFORMATICA LTDA,SIM,50000,CENTRO,CRICIUMA
754,72457021000141,72457021,MATRIZ,CADS TREINAMENTO E ASSESSORIA LTDA,NAO,0,M DE VENTO,PORTO ALEGRE
755,73212854000105,73212854,MATRIZ,H & G CONSULTORIA EM INFORMATICA,NAO,0,AGUA VERDE,CURITIBA
756,76362466000107,76362466,MATRIZ,TRIGE TECNOLOGIA DA INFORMACAO LTDA,NAO,0,ANITA GARIBALDI,JOINVILLE
757,76770585000190,76770585,MATRIZ,ENGESYS INFORMATICA LTDA,NAO,0,CENTRO,PARANAGUA
758,78267408000111,78267408,MATRIZ,SD SISTEMAS EIRELI,NAO,62500,BUCAREIN,JOINVILLE
759,79636379000180,79636379,MATRIZ,SOFT ONE CONSULTORIA EM TECNOLOGIA DA INFORMACAO EIRELI,NAO,565320,JARDIM DAS AMERICAS,CURITIBA
760,79850954000143,79850954,MATRIZ,E.R.B.INFORMATICA LTDA,NAO,12000,VELHA,BLUMENAU
761,80005374000139,80005374,MATRIZ,DWM CONSULTORIA LTDA,NAO,10000,CAJURU,CURITIBA
762,80095243000190,80095243,MATRIZ,COMPCENTER INFORMATICA LTDA,SIM,0,BERGER,CACADOR
763,80921489000173,80921489,MATRIZ,MAPTRIZ CONSULTORIA E TECNOLOGIA LTDA,SIM,500000,CENTRO,LONDRINA
764,81050932000140,81050932,MATRIZ,"RECANTO - CONSULTORIA, INFORMATICA E PROMOCOES LTDA",NAO,0,CAJURU,CURITIBA
765,81236770000130,81236770,MATRIZ,ESFERA INFORMATICA EIRELI,NAO,100000,ALTO DA RUA XV,CURITIBA
766,81530685000180,81530685,MATRIZ,JEFERSON PINHEIRO BERNARDO E CIA LTDA,SIM,30000,MOINHOS DE VENTO,PORTO ALEGRE
767,82160219000112,82160219,MATRIZ,CELTEC TECNOLOGIA EIRELI,NAO,100000,CAPOEIRAS,FLORIANOPOLIS
768,82525718000166,82525718,MATRIZ,BRIDGE CONSULTORIA E GESTAO LTDA,NAO,0,BARREIRINHA,CURITIBA
769,84785179000120,84785179,MATRIZ,J. S. MARINGA SOFTWARE LTDA,NAO,6000,ZONA 04,MARINGA
770,85049070000197,85049070,MATRIZ,PRODIGIT SISTEMAS DE INFORMATICA LTDA.,NAO,60000,SAO FRANCISCO,CURITIBA
771,85274306000199,85274306,MATRIZ,MICROSERVICE TECNOLOGIA DA INFORMACAOLTDA,NAO,180000,PONTA AGUDA,BLUMENAU
772,85398345000106,85398345,MATRIZ,HOLISTIC - CONSULTORIA LTDA,SIM,0,GLORIA,JOINVILLE
773,85516912000173,85516912,MATRIZ,VALMELL SISTEMAS E SERVICOS DE INFORMATICA LTDA,SIM,0,CAMPINA DO SIQUEIRA,CURITIBA
774,86703337000180,86703337,MATRIZ,INTEROP INFORMATICA LTDA,NAO,546000,CENTRO,PORTO ALEGRE
775,86861804000109,86861804,MATRIZ,SADI RICARDO DREWS & CIA LTDA,SIM,0,LULU ILGENFRITZ,IJUI
776,86954351000157,86954351,MATRIZ,COMPULOGICA SISTEMAS DE INFORMATICA LTDA,SIM,0,SAO PELEGRINO,CAXIAS DO SUL
777,91031807000147,91031807,MATRIZ,BRODBECK CONSULTORES EM INFORMATICA LTDA,NAO,0,PETROPOLIS,PORTO ALEGRE
778,91229039000130,91229039,MATRIZ,SERRANA INFORMATICA LTDA,SIM,0,CENTRO,CAXIAS DO SUL
779,91454330000102,91454330,MATRIZ,SLIPACKA & CIA LTDA,NAO,0,FLORESTA,PORTO ALEGRE
780,92770122000185,92770122,MATRIZ,ARNOLD INFORMATICA LTDA,NAO,0,CENTRO,CANOAS
781,93317410000141,93317410,MATRIZ,SISNEMA SOLUCOES TECNOLOGICAS EM INFORMATICA LTDA,NAO,100000,CENTRO HISTORICO,PORTO ALEGRE
782,93806560000119,93806560,MATRIZ,MOSER INFORMATICA LTDA,NAO,0,CRISTO REDENTOR,PORTO ALEGRE
783,93861557000106,93861557,MATRIZ,SERVICE INFORMATICA LTDA,NAO,3505587,RIO BRANCO,PORTO ALEGRE
784,94057981000157,94057981,MATRIZ,PRO INFO CONSULTORIA E SISTEMAS EM INFORMATICA LTDA,NAO,0,MOINHOS DE VENTO,PORTO ALEGRE
785,94195419000190,94195419,MATRIZ,QUALITA INFORMATICA LTDA,NAO,0,SAO JOAO,PORTO ALEGRE
786,94392966000165,94392966,MATRIZ,C.A. DA SILVA ORLING,NAO,20000,SAO SEBASTIAO,PORTO ALEGRE
787,94515038000140,94515038,MATRIZ,VISAO INFORMATICA LTDA,NAO,0,PIO X,CAXIAS DO SUL
788,95033668000141,95033668,MATRIZ,PROMIDIA SERVICOS DE INTEGRACAO EM TECNOLOGIA DA INFORMACAO EIRELI,NAO,120000,EXPOSICAO,CAXIAS DO SUL
789,95125332000109,95125332,MATRIZ,CONNECTION CONECTIVIDADE E INTEGRACAO DE SISTEMAS LTDA,NAO,90000,CENTRO,PORTO ALEGRE
790,95844288000197,95844288,MATRIZ,BOABASE CONSULTORIA E SISTEMAS LTDA,SIM,0,ITOUPAVA NORTE,BLUMENAU
791,97530859000144,97530859,MATRIZ,V & M SOLUTIONS CONSULTORIA EM TECNOLOGIA LTDA,NAO,5000,BUCAREIN,JOINVILLE
